nom,categorie,prix,magasin,date
PÂTES TORTI PANZANI 1 KG,Épicerie Salée,3075,AUCHAN,2026-03-11
"AUCHAN GOURMET COULIS DE TOMATES , EN BOCAL 430G",Épicerie Salée,1450,AUCHAN,2026-03-11
SALINOR SEL FIN 1KG,Épicerie Salée,590,AUCHAN,2026-03-11
ANITA PIMENT FORT 500G,Épicerie Salée,1675,AUCHAN,2026-03-11
PUREE DELICE 4X100G,Épicerie Salée,1550,AUCHAN,2026-03-11
ANITA EPICES CLOU DE GIROFLE MOULU 40 G,Épicerie Salée,675,AUCHAN,2026-03-11
AVRIL HARICOT BLC PREPARE 4/4,Épicerie Salée,1925,AUCHAN,2026-03-11
CHEVEUX D'ANGE PASTAMI 250G,Épicerie Salée,290,AUCHAN,2026-03-11
BRINTO HUILE TOURNESOL HALAL ENRICHIE EN VITAMINE A 1L,Épicerie Salée,1690,AUCHAN,2026-03-11
AUCHAN HARICOTS VERTS EXTRA FINS 400 G,Épicerie Salée,1090,AUCHAN,2026-03-11
SPAGHETTI PANZANI 250G,Épicerie Salée,490,AUCHAN,2026-03-11
AUCHAN OLIVES NOIRES EN RONDELLES BOCAL 105G,Épicerie Salée,1325,AUCHAN,2026-03-11
MODA CHIPS SEL AROMATISÉ 18G,Épicerie Salée,90,AUCHAN,2026-03-11
CHIPS KETCHUP MODA 18G,Épicerie Salée,90,AUCHAN,2026-03-11
MOURAFA PATTE D'ARACHIDE SEAU 1 KG,Épicerie Salée,2450,AUCHAN,2026-03-11
LALA SEL D'OR 18 ÉPICES 400G,Épicerie Salée,1290,AUCHAN,2026-03-11
SAUCE BARBECUE LINGUERE 340G,Épicerie Salée,490,AUCHAN,2026-03-11
MOURAFA CLOU DE GIROFLE KHOROM POLÉ SACHET 100 G,Épicerie Salée,1990,AUCHAN,2026-03-11
AUCHAN LENTILLES BLONDES SACHET 500 G,Épicerie Salée,2475,AUCHAN,2026-03-11
LALA POUDRE ARACHIDE 400G,Épicerie Salée,1090,AUCHAN,2026-03-11
DIAMO PIMENT FORT 250ML,Épicerie Salée,450,AUCHAN,2026-03-11
ANITA ÉPICES CANNELLE 50G,Épicerie Salée,675,AUCHAN,2026-03-11
NOUILLE CREVETTES NOODI 70G,Épicerie Salée,190,AUCHAN,2026-03-11
WELSEA MIETTES DE THON À LA TOMATE 160G,Épicerie Salée,1090,AUCHAN,2026-03-11
PANZANI LASAGNES À LA MÉDITERRANÉENNE 500G,Épicerie Salée,2550,AUCHAN,2026-03-11
AUCHAN NOUILLES POUR WOK EN NIDS 250 G,Épicerie Salée,1650,AUCHAN,2026-03-11
AUCHAN CHUCRUT GARNIE 400GR,Épicerie Salée,2225,AUCHAN,2026-03-11
CHAIR TOM BASILIC AUCHAN 400G,Épicerie Salée,1590,AUCHAN,2026-03-11
AUCHAN CORNICHONS CROQUANTS TRÈS FINS 185 G,Épicerie Salée,1325,AUCHAN,2026-03-11
"AUCHAN SAUCE TOMATE PROVENÇALE ORIGINE FRANCE, EN BOCAL 420G",Épicerie Salée,1450,AUCHAN,2026-03-11
PÂTES LES 3 MINUTES COQUILLETTES PANZANI LE PAQUET DE 500 G,Épicerie Salée,1675,AUCHAN,2026-03-11
OLIVE VERTE DENOYAUTEE 100G,Épicerie Salée,975,AUCHAN,2026-03-11
PÂTES TORSADES BARILLA LA BOITE DE 500 G,Épicerie Salée,1690,AUCHAN,2026-03-11
AUCHAN RAVIOLI 800G,Épicerie Salée,3625,AUCHAN,2026-03-11
AUCHAN FOND DE VOLAILLE 110G,Épicerie Salée,1750,AUCHAN,2026-03-11
"AUCHAN ESSENTIEL COUSCOUS GARNI 2 PERSONNES 1,5KG",Épicerie Salée,4090,AUCHAN,2026-03-11
LAIT CONCENTRÉ ROUGE GOLD 160G,Épicerie Sucrée,490,AUCHAN,2026-03-11
LAIT EN POUDR NIDO SACHET 370G,Épicerie Sucrée,1825,AUCHAN,2026-03-11
BISCUITS SABLÉS TOUT CHOCOLAT BONNE MAMAN 150G,Épicerie Sucrée,2190,AUCHAN,2026-03-11
PRINCE CHOCOLAT LU 300G,Épicerie Sucrée,2375,AUCHAN,2026-03-11
SOUKI SUCRE EN POUDRE SACHET 1 KG,Épicerie Sucrée,770,AUCHAN,2026-03-11
STARLING PRÉPARATION POUR THÉ INSTANTANÉE CITRON POT 400G,Épicerie Sucrée,3075,AUCHAN,2026-03-11
VALDA PASTILLE,Épicerie Sucrée,275,AUCHAN,2026-03-11
STARLING PRÉPARATION POUR BOISSON INSTANTANÉE GINGEMBRE...,Épicerie Sucrée,3125,AUCHAN,2026-03-11
MARS CARAMEL CHOCOLAT AU LAIT 1 X 51 G,Épicerie Sucrée,625,AUCHAN,2026-03-11
ZENA CONFITURE DE MANGUE 450G,Épicerie Sucrée,1850,AUCHAN,2026-03-11
NESCAFE CLASSIC BTE 50G,Épicerie Sucrée,1270,AUCHAN,2026-03-11
SEDIMA FARINE PATISSIERE T55 1KG,Épicerie Sucrée,790,AUCHAN,2026-03-11
NESCAFE CLASSIC BOITE 200G,Épicerie Sucrée,4890,AUCHAN,2026-03-11
HARIBO L'OURS D'OR 300G,Épicerie Sucrée,2250,AUCHAN,2026-03-11
PATE TARTINER 750G POUCE,Épicerie Sucrée,3650,AUCHAN,2026-03-11
AUCHAN COCKTAIL 4 FRUITS 250G,Épicerie Sucrée,1390,AUCHAN,2026-03-11
DOLIS BONBON FRUITS 150G,Épicerie Sucrée,1550,AUCHAN,2026-03-11
LA PINA FARINE GOFIO DE MAÏS SACHET 1KG,Épicerie Sucrée,1890,AUCHAN,2026-03-11
AUCHAN DECA SOL LYOPH 100G,Épicerie Sucrée,3525,AUCHAN,2026-03-11
CSS SUNU SUKËR SUCRE BLANC CRISTALLISÉ PUR CANNE X100...,Épicerie Sucrée,1290,AUCHAN,2026-03-11
NESQUIK CHOCOLAT EN POUDRE 300G,Épicerie Sucrée,2390,AUCHAN,2026-03-11
FRANCINE MA PÂTE À CRÊPES SANS COLORANT SANS CONSERVATEUR...,Épicerie Sucrée,2050,AUCHAN,2026-03-11
OREO ORIGINAL BISCUITS FOURRÉS AU LAIT FORMAT FAMILLIAL...,Épicerie Sucrée,3275,AUCHAN,2026-03-11
HEUDEBERT BISCOTTE BRIOCHE 290G,Épicerie Sucrée,2990,AUCHAN,2026-03-11
GOUTERS SECS X 25 POUCE 350G,Épicerie Sucrée,1425,AUCHAN,2026-03-11
LAIT EN POUDRE LACLAIT 400G,Épicerie Sucrée,1590,AUCHAN,2026-03-11
ALSA SUCRE VANILLÉ DES ISLES AU SUCRE DE CANNE 7 SACHETS...,Épicerie Sucrée,2950,AUCHAN,2026-03-11
AUCHAN MIEL DE FLEURS ÉQUILIBRÉ ET FLEURI 1 KG,Épicerie Sucrée,7790,AUCHAN,2026-03-11
LAIT ROSE ENTIER 50CL,Épicerie Sucrée,890,AUCHAN,2026-03-11
OREO BISCUITS ENNEIGÉS & ENROBÉS AU CHOCOLAT BLANC X6 246 G,Épicerie Sucrée,3750,AUCHAN,2026-03-11
BARQUET FRAISE RIK&ROK 120G,Épicerie Sucrée,1250,AUCHAN,2026-03-11
PALET BRETON AUCHAN 125G,Épicerie Sucrée,1225,AUCHAN,2026-03-11
BONBON MAO CROQUI HARIBO 250G,Épicerie Sucrée,1875,AUCHAN,2026-03-11
KINDER BUENO FERREROT2 43G,Épicerie Sucrée,1090,AUCHAN,2026-03-11
LAIT EN POUDRE LAICRAN 200GR,Épicerie Sucrée,1275,AUCHAN,2026-03-11
ZÉNA FLEUR DE BISSAP ROUGE 125 G,Épicerie Sucrée,1490,AUCHAN,2026-03-11
AUCHAN DATTE DEGLET NOUR AVEC TIGES DU DATTIER 1KG,Fruits & Légumes,3490,AUCHAN,2026-03-11
DATTES DEGLET NOUR AVEC TIGES DU DATTIER 2KG,Fruits & Légumes,6890,AUCHAN,2026-03-11
CONCOMBRE /KG,Fruits & Légumes,1190,AUCHAN,2026-03-11
CITRON VERT /KG,Fruits & Légumes,1490,AUCHAN,2026-03-11
TOMATE OLIVETTE IMPORT /KG,Fruits & Légumes,1390,AUCHAN,2026-03-11
POMME GOLDEN GM /KG,Fruits & Légumes,1950,AUCHAN,2026-03-11
ORANGE IMPORT /KG,Fruits & Légumes,1490,AUCHAN,2026-03-11
COURGETTE VERTE /KG,Fruits & Légumes,1290,AUCHAN,2026-03-11
BANANE IMPORT /KG,Fruits & Légumes,990,AUCHAN,2026-03-11
CAROTTE LOCALE /KG,Fruits & Légumes,1390,AUCHAN,2026-03-11
CLEMENTINE /KG,Fruits & Légumes,1490,AUCHAN,2026-03-11
GINGEMBRE CHINE /KG,Fruits & Légumes,4990,AUCHAN,2026-03-11
CHOU BLANC IMPORT /KG,Fruits & Légumes,1190,AUCHAN,2026-03-11
AIL AU KG,Fruits & Légumes,1690,AUCHAN,2026-03-11
BANANE PLANTAIN /KG,Fruits & Légumes,1790,AUCHAN,2026-03-11
OIGNON BLANC IMPORT/KG,Fruits & Légumes,650,AUCHAN,2026-03-11
OIGNON BLANC IMPORT SAC 25KG,Fruits & Légumes,13750,AUCHAN,2026-03-11
PATATE DOUCE CHAIR BLANCHE /KG,Fruits & Légumes,690,AUCHAN,2026-03-11
POMME DE TERRE LOCAL/KG,Fruits & Légumes,490,AUCHAN,2026-03-11
POMME DE TERRE LOCAL SAC 25KG,Fruits & Légumes,8250,AUCHAN,2026-03-11
MANGUE SECHEE 100G,Fruits & Légumes,1790,AUCHAN,2026-03-11
POMMES ROUGES GM /KG,Fruits & Légumes,1950,AUCHAN,2026-03-11
ANANAS /KG,Fruits & Légumes,1990,AUCHAN,2026-03-11
POMME ROUGE MAXI /KG,Fruits & Légumes,3390,AUCHAN,2026-03-11
POMME PINK LADY MAXI /KG,Fruits & Légumes,3390,AUCHAN,2026-03-11
TOMATE RONDE LOCALE /KG,Fruits & Légumes,1090,AUCHAN,2026-03-11
OIGNON ROUGE FILET LOCAL 5KG,Fruits & Légumes,2490,AUCHAN,2026-03-11
PAIN ARABE YOUSSEF,Boulangerie & Pâtisserie,1150,AUCHAN,2026-03-11
AUCHAN PAIN D'ÉPICES FONDANT AU MIEL EN TRANCHES 350 G,Boulangerie & Pâtisserie,1850,AUCHAN,2026-03-11
JACQUET GALETTE BURGER NATURE X4 330G,Boulangerie & Pâtisserie,2975,AUCHAN,2026-03-11
GERARD BERTRAND AOP LANGUEDOC CÔTES-DES-ROSES ROSÉ MAGNUM...,Boissons,21590,AUCHAN,2026-03-11
BOURGOGNE ALIGOTE BLANC 75CL,Boissons,12190,AUCHAN,2026-03-11
AUCHAN EAU GAZEUSE AROMATISÉE AU CITRON 1 L,Boissons,690,AUCHAN,2026-03-11
JUS D'ORANGE MINUTE MAID CANETTE 25CL,Boissons,325,AUCHAN,2026-03-11
VALENCIA ABTAL BOISSON MANGUE 200ML,Boissons,225,AUCHAN,2026-03-11
VIMTO PET 1L,Boissons,675,AUCHAN,2026-03-11
LUMIÈRE DE FRANCE PAMPLEMOUSSE 75CL,Boissons,2290,AUCHAN,2026-03-11
AUCHAN PUR JUS ORANGE SANS PEPIN 1L,Boissons,3525,AUCHAN,2026-03-11
PIERRE CHANAU IGP SABLES-DE-CAMARGUE ROSÉ 75CL,Boissons,6250,AUCHAN,2026-03-11
PIERRE CHANAU PIERRE CHANAU AOP GAILLAC ROUGE 75CL,Boissons,6590,AUCHAN,2026-03-11
EAU SOURCE CRISTALINE 1L5,Boissons,590,AUCHAN,2026-03-11
SAN PELLEGRINO ORANGE 33CL,Boissons,950,AUCHAN,2026-03-11
EAU DE SOURCE PIERVAL 1.5L,Boissons,790,AUCHAN,2026-03-11
SUNQUICK ORANGE 84CL,Boissons,2990,AUCHAN,2026-03-11
MOURAFA POUDRE DE BOUYE 400G,Boissons,3550,AUCHAN,2026-03-11
PRESSEA NECTAR COCKTAIL LIGHT BRIQUE 1L,Boissons,975,AUCHAN,2026-03-11
PRESSEA NECTAR GOYAVE BRIQUE 1L,Boissons,975,AUCHAN,2026-03-11
PRESSEA NECTAR MIX COCO ANANAS 1L,Boissons,950,AUCHAN,2026-03-11
IVORIO JUS MULTIFRUIT 33CL,Boissons,950,AUCHAN,2026-03-11
AUCHAN JUS ANANAS MULTI FRUIT 1L,Boissons,2190,AUCHAN,2026-03-11
CASAMANCAISE EAU MINERALE 10L,Boissons,850,AUCHAN,2026-03-11
VALENCIA CLASSIC NECTAR AU JUS D'ORANGE BRIQUE 1L,Boissons,1250,AUCHAN,2026-03-11
VALENCIA ABTAL BOISSON COCKTAIL MULTIVITAMINÉ 200ML,Boissons,190,AUCHAN,2026-03-11
PIERRE CHANAU AOP BORDEAUX-SUPÉRIEUR VERSANT ROYAL ROUGE...,Boissons,6690,AUCHAN,2026-03-11
PIERRE CHANAU AOP MUSCADET BLANC GRAND FORMAT 3L,Boissons,20590,AUCHAN,2026-03-11
SPRITE CANETTE 33 CL,Boissons,315,AUCHAN,2026-03-11
ZENA SIROP DE GRENADE 75CL,Boissons,2090,AUCHAN,2026-03-11
SUNQUICK MANDARINE 84CL,Boissons,3175,AUCHAN,2026-03-11
IVORIO JUS GINGEMBRE 33CL,Boissons,950,AUCHAN,2026-03-11
O ROYAL EAU MINÉRALE 10L,Boissons,850,AUCHAN,2026-03-11
EAU DE TABLE O ROYALE 33CL,Boissons,90,AUCHAN,2026-03-11
HEINEKEN BLLE 33 CL,Boissons,1250,AUCHAN,2026-03-11
XRAY ENERGY DRINK CANETTE 50CL,Boissons,690,AUCHAN,2026-03-11
JUS TROPICAL MINUTE MAID CANETTE 25CL,Boissons,325,AUCHAN,2026-03-11
VIP LIMONADE GAZELLE 30CL,Boissons,250,AUCHAN,2026-03-11
AUCHAN EAU GAZEUSE AU CITRON VERT 1L,Boissons,625,AUCHAN,2026-03-11
AUCHAN SAUCE BECHAMEL 50CL,Produits Frais,2250,AUCHAN,2026-03-11
AUCHAN ROQUEFORT PORTIONS 4X25G,Produits Frais,2590,AUCHAN,2026-03-11
SAINT HUBERT OMEGA 3 DOUX 255G,Produits Frais,2275,AUCHAN,2026-03-11
ENTREMONT EMMENTAL BLOC DE 220G,Produits Frais,2790,AUCHAN,2026-03-11
PRÉSIDENT CRÈME LIQUIDE STÉRILISÉE UHT 35.1% M.G. 1L,Produits Frais,6690,AUCHAN,2026-03-11
AUCHAN SAUCISSON SEC PUR PORC 250G,Produits Frais,4390,AUCHAN,2026-03-11
DINDY SAUCISSON BOEUF À L'AIL 200G,Produits Frais,775,AUCHAN,2026-03-11
JAMBON DE BŒUF FUMÉ DINDY 80G,Produits Frais,1190,AUCHAN,2026-03-11
NAFY SAUCISSON AIL-BOEUF PIMENTÉ 500G,Produits Frais,1550,AUCHAN,2026-03-11
NAFY MERGUEZ EXTRA SURGELÉ BARQUETTE 600G,Produits Frais,1990,AUCHAN,2026-03-11
PAYSAN BRETON RAPÉ SPÉCIAL GRATIN 200G,Produits Frais,3490,AUCHAN,2026-03-11
AUCHAN CHEEESY CHEDDAR EN TRANCHE POUR HAMBURGER X18 18...,Produits Frais,2425,AUCHAN,2026-03-11
ENTREMONT EMMENTAL TRANCHES X 10 150G,Produits Frais,2525,AUCHAN,2026-03-11
AUCHAN BLOC EMMENTAL 400G,Produits Frais,4525,AUCHAN,2026-03-11
AUCHAN EDAM TRANCHES 200G,Produits Frais,1950,AUCHAN,2026-03-11
ENTREMONT LIGHT 10 TRANCHES 150 G,Produits Frais,2390,AUCHAN,2026-03-11
ENTREMONT TRANCHE DE DÉGUSTATION 150G,Produits Frais,2390,AUCHAN,2026-03-11
ELLE&VIRE DESSERT LACTE ABRICOT 125G,Produits Frais,725,AUCHAN,2026-03-11
LACTEL CRÈME DESSERT SAVEUR VANILLE 125G,Produits Frais,750,AUCHAN,2026-03-11
BRIDELICE CREME CHANTILLY BOMBE 250G,Produits Frais,6575,AUCHAN,2026-03-11
MARGARINE JADIDA 1KG,Produits Frais,1990,AUCHAN,2026-03-11
CRÉMOR YAOURT FRUITS DES BOIS & FRUITS EXOTIQUES POT DE 125G,Produits Frais,290,AUCHAN,2026-03-11
DESSERT LACTE MON GREC VANILLE ELLE&VIRE 125G,Produits Frais,925,AUCHAN,2026-03-11
LES P'TITS COCHONS SAUCISSE STARBOURG 100G,Produits Frais,925,AUCHAN,2026-03-11
DAARA SAUCISSON BOEUF À L'AIL EN BARRE 320G,Produits Frais,1025,AUCHAN,2026-03-11
SAUCISSE DE PORC À L'AIL 500G,Produits Frais,2090,AUCHAN,2026-03-11
DINDY SAUCISSON BOEUF PIQUANT 200G,Produits Frais,990,AUCHAN,2026-03-11
DINDY SAUCISSON POULET NATURE 200G,Produits Frais,990,AUCHAN,2026-03-11
EMMENTAL RAPE 500GR,Produits Frais,4725,AUCHAN,2026-03-11
PRÉSIDENT BEURRE DOUX PASTEURISÉ 82% M.G. 200 G,Produits Frais,2590,AUCHAN,2026-03-11
ADJA BEURRE MARGARINE 500G,Produits Frais,1150,AUCHAN,2026-03-11
BEURRE MICROPAIN P. BRETON10G,Produits Frais,190,AUCHAN,2026-03-11
YAOURT VANIL DOLIMA SEAU 4.5KG,Produits Frais,6290,AUCHAN,2026-03-11
LES P'TITS COCHONS ROSETTE 100G,Produits Frais,990,AUCHAN,2026-03-11
CDA SAUCISSE FRANCKFORT 200G,Produits Frais,875,AUCHAN,2026-03-11
LARD FUMÉ 100G,Produits Frais,850,AUCHAN,2026-03-11
GÉNÉRAL FOOD CREVETTES DÉCORTIQUÉES SURGELÉES SACHET 500G,Produits Surgelés,3690,AUCHAN,2026-03-11
DAARA VIANDE HACHÉE 500G,Produits Surgelés,1025,AUCHAN,2026-03-11
AUCHAN BÂTONNET GLACÉ CHOCOLAT BLANC 4 PIÈCES 300G,Produits Surgelés,2675,AUCHAN,2026-03-11
NAFY MERGUEZ DE BOEUF XXL 1KG,Produits Surgelés,3250,AUCHAN,2026-03-11
DOUX 10 SAUCISSES POULET AU FROMAGE 340G,Produits Surgelés,1290,AUCHAN,2026-03-11
DABOU ATTIÉKÉ SACHET DE 1KG,Produits Surgelés,1850,AUCHAN,2026-03-11
AUCHAN GLACE SORBET MANGUE 650G,Produits Surgelés,3075,AUCHAN,2026-03-11
DOUX NUGGETS POULET SKY ENFANT 500GR,Produits Surgelés,3590,AUCHAN,2026-03-11
AUCHAN GLACE 12 POTS VANILLE/CHOCOLAT ET VANILLE/FRAISE...,Produits Surgelés,3250,AUCHAN,2026-03-11
"YETIGEL GLACE 24 TUBES PANACHÉS 1,2L",Produits Surgelés,3925,AUCHAN,2026-03-11
NAFY STEAK HACHÉ HALAL 10 PIÈCES BOÎTE 1KG,Produits Surgelés,4090,AUCHAN,2026-03-11
DABOU ATTIÉKÉ SACHET DE 500 G,Produits Surgelés,950,AUCHAN,2026-03-11
DAARA VIANDE HACHÉE 250G,Produits Surgelés,590,AUCHAN,2026-03-11
AUCHAN ESSENTIEL HACHÉ PUR BŒUF 20% MG 800G,Produits Surgelés,13390,AUCHAN,2026-03-11
AUCHAN POMMES NOISETTES 1KG,Produits Surgelés,2175,AUCHAN,2026-03-11
AUCHAN FRITES ALLUMETTES EXTRA FINES 1KG,Produits Surgelés,1925,AUCHAN,2026-03-11
NUGGETS POULET HALAL FRITS ET CUITS SURGELÉS 500G,Produits Surgelés,4125,AUCHAN,2026-03-11
POUCE FRITES 2.5 KG,Produits Surgelés,4590,AUCHAN,2026-03-11
CDA BARQUETTE FOIE DE BOEUF IMPORTÉ 500G,Produits Surgelés,1690,AUCHAN,2026-03-11
AUCHAN HARICOTS VERTS EXTRA-FINS SURGELÉ SACHET 1 KG,Produits Surgelés,2275,AUCHAN,2026-03-11
LUTOSA FRITE SURGELÉ 10/10 1KG,Produits Surgelés,2990,AUCHAN,2026-03-11
NAFY VIANDE HAMBURGERS HALAL 14 PIÈCES BOÎTE 1KG,Produits Surgelés,3850,AUCHAN,2026-03-11
AUCHAN MOULES DÉCOQUILLÉES CUITES 400G,Produits Surgelés,2825,AUCHAN,2026-03-11
AUCHAN FRITES AU FOUR EXTRA FINES 1KG,Produits Surgelés,2575,AUCHAN,2026-03-11
NUGGETS HALAL DE VOLAILLE ISLA DELICE LE SACHET DE 400GR,Produits Surgelés,3925,AUCHAN,2026-03-11
AUCHAN POMMES DE TERRE DUCHESSE 750G,Produits Surgelés,2150,AUCHAN,2026-03-11
NAFY BARQUETTE MERGUEZ ROUGE SURGELÉ 600G,Produits Surgelés,1750,AUCHAN,2026-03-11
DOUX 10 SAUCISSES POULET ÉPICÉS 340G,Produits Surgelés,1290,AUCHAN,2026-03-11
POUCE POMMES RISSOLÉES 1KG,Produits Surgelés,1950,AUCHAN,2026-03-11
AMENA ARRAW DE MIL SURGELÉ SACHET 500G,Produits Surgelés,490,AUCHAN,2026-03-11
AUCHAN MINI BOULETTES DE BŒUF CUITES 6 PORTIONS 750G,Produits Surgelés,10290,AUCHAN,2026-03-11
FILETS DE SOLE GFOOD 500G,Produits Surgelés,2890,AUCHAN,2026-03-11
AUCHAN GLACE VANILLE 500G,Produits Surgelés,1825,AUCHAN,2026-03-11
AUCHAN MÉLANGE DE FRUITS ROUGES ENTIERS 450G,Produits Surgelés,3090,AUCHAN,2026-03-11
TUDBOM VIANDE DE BOEUF HACHÉE SURGELÉE 500G,Produits Surgelés,2690,AUCHAN,2026-03-11
DAARA VIANDE POUR HAMBURGER SURGELÉE 2X80G,Produits Surgelés,690,AUCHAN,2026-03-11
PACK RAMADAN KHEWEUL - 10 PRODUITS (VITALAIT 400G - NESCAFÉ 50G - KANGOO 200G - SUCRE 1KG - FROMAGE VQR 8P - DATTES 250G - CHOCOPAIN 500G ...),Épicerie Générale,9900,JUMIA,2026-03-11
SEVEN UP PACK DE 12 CANETTES 7UP,Épicerie Générale,2790,JUMIA,2026-03-11
CHOCO BOSS PÂTE À TARTINER 750G,Épicerie Générale,3790,JUMIA,2026-03-11
LALIA LAIT EN POUDRE - 400G,Épicerie Générale,1250,JUMIA,2026-03-11
TERANGA TERANGA CAFE SOLUBLE 50G,Épicerie Générale,990,JUMIA,2026-03-11
MAJESTE THÉ VERT 200G,Épicerie Générale,790,JUMIA,2026-03-11
AUNTIE B LOT DE 5 PAQUETS DE SPAGHETTI - 200G,Épicerie Générale,850,JUMIA,2026-03-11
PACK DE 3 BOITES DE SARDINES,Épicerie Générale,1290,JUMIA,2026-03-11
LIPTON YELLOW 100 SACHET,Épicerie Générale,2790,JUMIA,2026-03-11
PINTON PINTON PÂTE DE SARDINELLES 380G,Épicerie Générale,1300,JUMIA,2026-03-11
NECTAR DE FRUITS - ORANGE - 1 LITRE,Épicerie Générale,990,JUMIA,2026-03-11
MON CHOCO PÂTE À TARTINER 1KG,Épicerie Générale,2190,JUMIA,2026-03-11
OLA BOÎTE DE 10 SACHETS DE 3 EN 1 CAFÉ LAIT SUCRE 18G,Épicerie Générale,1990,JUMIA,2026-03-11
PACK DE 3 BARQUETTES DE DATTES - 250G X3,Épicerie Générale,1390,JUMIA,2026-03-11
BRIDEL LAIT 1/2 ECRÉMÉ UHT - 1 LITRE,Épicerie Générale,1890,JUMIA,2026-03-11
MARGARINE PASTEURISÉ - 500G,Épicerie Générale,1190,JUMIA,2026-03-11
MOUTARDE REINE GM - 850G,Épicerie Générale,1790,JUMIA,2026-03-11
NIDO LAIT EN POUDRE 370G,Épicerie Générale,1990,JUMIA,2026-03-11
NOVELAS DÉTERGENT EN POUDRE 900G,Épicerie Générale,1190,JUMIA,2026-03-11
CAMPA ENERGY DRINK GOLD BOOST 250ML,Épicerie Générale,550,JUMIA,2026-03-11
PLANET ANANAS PACK DE 12 BOUTEILLES - 350ML,Épicerie Générale,1950,JUMIA,2026-03-11
ARMONIA AMBIANTADOR 500ML MILANO,Épicerie Générale,850,JUMIA,2026-03-11
ARMONIA CARTON DE 180 SACHET DE DÉTERGENT 15G,Épicerie Générale,4800,JUMIA,2026-03-11
NOUR THÉ INFUSION - 100 SACHETS,Épicerie Générale,2290,JUMIA,2026-03-11
ENERGIE X-PLUS PACK DE 16 BOUTEILLES - 350ML,Épicerie Générale,3950,JUMIA,2026-03-11
NOVELAS NOVELAS 400ML FRESH,Épicerie Générale,780,JUMIA,2026-03-11
BUBBLE UP PACK DE 12 BOUTEILLES - 350ML,Épicerie Générale,1990,JUMIA,2026-03-11
NECTAR DE FRUITS - GOYAVE - 1 LITRE,Épicerie Générale,1190,JUMIA,2026-03-11
THIOF RIZ PARFUMÉ BRISÉ 100% - 25KG,Épicerie Générale,11900,JUMIA,2026-03-11
CONCENTRÉ DE TOMATE - 800G,Épicerie Générale,1695,JUMIA,2026-03-11
HUILE VÉGÉTALE - 5L,Épicerie Générale,5990,JUMIA,2026-03-11
MIS LOT DE 2 BOUTEILLES DE VINAIGRE COLORÉ - 1L,Épicerie Générale,790,JUMIA,2026-03-11
AVRIL PETITS POIS TRÈS FINS - 4/4,Épicerie Générale,1790,JUMIA,2026-03-11
MAIS DOUX JOLIE,Épicerie Générale,590,JUMIA,2026-03-11
ALFA PACK DE 2 BOUTEILLES DE KETCHUP 385G,Épicerie Générale,1190,JUMIA,2026-03-11
LOT DE 4 PAQUETS DE SPAGHETTIS - 500G X 4,Épicerie Générale,1790,JUMIA,2026-03-11
KAROLINA RIZ BLANC DE LA VALLÉE - GRAIN ENTIER QUALITÉ SUPÉRIEURE - SAC DE 5KG,Épicerie Générale,2890,JUMIA,2026-03-11
HARMONY CARTON DE 24 PAQUETS DE GAUFRETTES CHOCOLAT 34G,Épicerie Générale,2250,JUMIA,2026-03-11
NUTELLA PÂTE À TARTINER POT 180G,Épicerie Générale,2300,JUMIA,2026-03-11
MINOO PACK DE 50 SACHETS DE BISCUIT AU CACAO - 23GR X 50,Épicerie Générale,2290,JUMIA,2026-03-11
MINOO PACK DE 50 SACHETS DE BISCUIT AU LAIT - 27GR X 50,Épicerie Générale,2290,JUMIA,2026-03-11
CSS SUCRE EN POUDRE - 1KG SUNU SUKER,Épicerie Générale,790,JUMIA,2026-03-11
GOURMET FARINE DE BLÉ - 1 KG,Épicerie Générale,950,JUMIA,2026-03-11
NESCAFE BOITE 50G,Épicerie Générale,1450,JUMIA,2026-03-11
NESQUICK BOITE DE 300G - POUDRE DE CACAO,Épicerie Générale,2690,JUMIA,2026-03-11
MILKO LAIT EN POUDRE 100 SACHETS - 20G,Épicerie Générale,8490,JUMIA,2026-03-11
FLECHA THE VERT FLECHA - 200G,Épicerie Générale,990,JUMIA,2026-03-11
NUTLOVE PÂTE DE D'ARACHIDES 200G,Épicerie Générale,950,JUMIA,2026-03-11
TAMPICO CARTON DE TAMPICO 30 SACHETS,Épicerie Générale,2800,JUMIA,2026-03-11
CASAMANÇAISE DITAKH 1L,Épicerie Générale,1790,JUMIA,2026-03-11
CASAMANÇAISE BISSAP MENTHE 1L,Épicerie Générale,1390,JUMIA,2026-03-11
FANTA FANTA FRUITS ROUGES - PACK DE 12 CAN 33CL,Épicerie Générale,3750,JUMIA,2026-03-11
PACK DE 12 CANETTES PRESSEA FRESH 0.25 COCO ANANAC,Épicerie Générale,3890,JUMIA,2026-03-11
SAMA PACK DE 24 CANETTES COCKTAIL - 25 CL,Épicerie Générale,6800,JUMIA,2026-03-11
NECTAR DE FRUITS - POMME - 1 LITRE,Épicerie Générale,990,JUMIA,2026-03-11
COCA-COLA PACK DE 24 CANETTES - 33CL,Épicerie Générale,6900,JUMIA,2026-03-11
VIMTO CANETTE PACK DE 24 CANETTES - 33CL,Épicerie Générale,11900,JUMIA,2026-03-11
REAKTOR ENERGY DRINK PACK DE 12 BOUTEILLES - 350ML,Épicerie Générale,3100,JUMIA,2026-03-11
3X ENERGY DRINK PACK DE 24 CANETTES - 25CL,Épicerie Générale,10790,JUMIA,2026-03-11
ARMONIA TOUT-USAGE DÉTERGENT 5L CITRON JAUNE,Épicerie Générale,2800,JUMIA,2026-03-11
MADAR RENZO PLATINIUM 900ML,Épicerie Générale,890,JUMIA,2026-03-11
ARMONIA TRIO NETTOYAGE ARMONIA NOVELAS - 3 PCS,Épicerie Générale,1190,JUMIA,2026-03-11
NOURA DÉTERGENT POUDRE FLORAL 850G,Épicerie Générale,990,JUMIA,2026-03-11
NOURA PACK ECONOMIQUE FLORAL MULTI-USAGE - 6 PIECES,Épicerie Générale,3290,JUMIA,2026-03-11
NOURA LESSIVE POUDRE MACHINE 5KG,Épicerie Générale,7490,JUMIA,2026-03-11
ESSYL LIQUIDE CONCENTRE MACHINE PARF FRAIS 1,Épicerie Générale,1990,JUMIA,2026-03-11
SIR CARPET SHAMPOO HAND - 1L,Épicerie Générale,2040,JUMIA,2026-03-11
ARMONIA TOUT-USAGE DÉTERGENT 5L BRISE MARINE,Épicerie Générale,2800,JUMIA,2026-03-11
ARMONIA PACK DE NETTOYAGE ARMONIA/NOVELAS - 6PCS,Épicerie Générale,3490,JUMIA,2026-03-11
NOVELAS NOVELAS LAVE-VITRE 750ML,Épicerie Générale,625,JUMIA,2026-03-11
NOVELAS NOVELAS 400ML AL MADINA,Épicerie Générale,780,JUMIA,2026-03-11
MADAR RENZO PREMIUM 900ML,Épicerie Générale,875,JUMIA,2026-03-11
MON CHOCO PACK RAMADAN MON CHOCO,Épicerie Générale,4890,JUMIA,2026-03-11
TERANGA PACK DE 2 BOITES DE THÉ NOIR - 25 SACHETS X 2,Épicerie Générale,890,JUMIA,2026-03-11
MIS PETIT POIS ORDINAIRE 800G,Épicerie Générale,690,JUMIA,2026-03-11
LALIA LOT DE 2 BOITES DE LAIT EVAPORE - 160G X 2,Épicerie Générale,550,JUMIA,2026-03-11
PUR JUS 100% PASSION - 1 LITRE,Épicerie Générale,1990,JUMIA,2026-03-11
GLORIA LAIT EN POUDRE ENTIER 370G,Épicerie Générale,1990,JUMIA,2026-03-11
FERRERO POT NUTELLA - 350G,Épicerie Générale,3750,JUMIA,2026-03-11
CHOCO BOSS PÂTE À TARTINER 350G,Épicerie Générale,1890,JUMIA,2026-03-11
KAYNA LOT DE 2 PAQUETS DE SPAGHETTI 500G,Épicerie Générale,1190,JUMIA,2026-03-11
KAYNA COQUILLETTES 500G,Épicerie Générale,790,JUMIA,2026-03-11
OLA BOITE DE 120 STICKS DE CAFÉ CLASSIQUE,Épicerie Générale,5450,JUMIA,2026-03-11
GLORIA GLORIA LAIT CONCENTRÉ NON SUCRÉ GM,Épicerie Générale,1390,JUMIA,2026-03-11
NESCAFE BOITE DE 25 STICKS - SPECIAL FILTRE,Épicerie Générale,2590,JUMIA,2026-03-11
SOUKI PACK DE 100 BUCHETTES DE SUCRE BLANC CRISTALLISÉ - SOUKI,Épicerie Générale,1220,JUMIA,2026-03-11
LALIA PACK ÉCO 100 SACHETS DE LAIT ENTIER EN POUDRE - 20G/SACHET,Épicerie Générale,6900,JUMIA,2026-03-11
PANZANI VERMICELLES - 500G,Épicerie Générale,1050,JUMIA,2026-03-11
PANZANI PÂTES SPAGHETTI - 500G,Épicerie Générale,990,JUMIA,2026-03-11
NECTAR DE FRUITS - MIX COCO/ANANAS - 1 LITRE,Épicerie Générale,990,JUMIA,2026-03-11
MIS MACARONI 5KG,Épicerie Générale,3690,JUMIA,2026-03-11
AVRIL PETITS POIS TRÈS FINS & CAROTTES,Épicerie Générale,1090,JUMIA,2026-03-11
LOT DE 99GANTS JETABLES EN NITRILE - TAILLE M - BLEU,Épicerie Générale,5320,JUMIA,2026-03-11
BIO NATURELLE GRAINS DE FENOUIL - 100 GR,Épicerie Générale,5003,JUMIA,2026-03-11
POUDRE DE NIGELLE (HABATOUSAWDA) 1KG,Épicerie Générale,10000,JUMIA,2026-03-11
2 ROULEAUX DE CUISINE ÉTANCHE À L'HUILE AUTOCOLLANTS FEUILLE D'ALUMINIUM,Épicerie Générale,7483,JUMIA,2026-03-11
"BALAI À FRANGES ET SEAU À ROUE AVEC ESSOREUSE – INOX – PREMIUM – MANCHE 1,55M + 1 RECHANGE",Épicerie Générale,8930,JUMIA,2026-03-11
KAROLINA RIZ DE LA VALLÉE BRISÉ - 5KG,Épicerie Générale,2790,JUMIA,2026-03-11
PANZANI MACARONI - 500G,Épicerie Générale,1050,JUMIA,2026-03-11
PACK DE 12 CANETTES PRESSEA FRESH 0.25 ORANGE,Épicerie Générale,3890,JUMIA,2026-03-11
AMORA MOUTARDE DE DIJON - 430 G,Épicerie Générale,1890,JUMIA,2026-03-11
AVRIL MACÉDOINE DE LÉGUMES - 400G,Épicerie Générale,1090,JUMIA,2026-03-11
ARMONIA EAU DE JAVEL 5L,Épicerie Générale,1850,JUMIA,2026-03-11
SMILEY COUCHES BÉBÉ SMILEY MINI (3-5KG) - 36PCS,Épicerie Générale,2300,JUMIA,2026-03-11
OLA BOITE DE 10 SACHETS DE WHITE CHOCOLATE MOCHA 18G,Épicerie Générale,1975,JUMIA,2026-03-11
PACK DE 12 CANETTES PRESSEA FRESH 0.25 TROPICAL,Épicerie Générale,3890,JUMIA,2026-03-11
BRIDEL LAIT BOUTEILLE 1/2 ECREME 50CL,Épicerie Générale,990,JUMIA,2026-03-11
MELANGE DE FRUITS SECHES,Épicerie Générale,1900,JUMIA,2026-03-11
CAFÉ ROYAL 1 BOÎTE DE CAFÉ ROYAL COFFEE AGGLOMÉRÉ - 200G,Épicerie Générale,3990,JUMIA,2026-03-11
CERELAC CEREALES 3 FRUITS 400G,Épicerie Générale,3290,JUMIA,2026-03-11
PUR JUS 100% MULTI-FRUITS - 1 LITRE,Épicerie Générale,1990,JUMIA,2026-03-11
MON CHOCO PÂTE À TARTINER CHOCOLATÉE AUX CACAHUÉTES 500G,Épicerie Générale,1190,JUMIA,2026-03-11
ARMONIA TRIO ARMONIA 3PCS - LAVE VITRE+NETTOYANT MEUBLE+ANTISEPTIQUE SURFACE - 750ML,Épicerie Générale,1900,JUMIA,2026-03-11
CERELAC CEREALES BLE 400G,Épicerie Générale,2690,JUMIA,2026-03-11
ARMONIA LOT DE 2 BACTÉRICIDE IL LAVANDE,Épicerie Générale,1176,JUMIA,2026-03-11
MAGGI CUBE NOKOSS,Épicerie Générale,1650,JUMIA,2026-03-11
AVRIL MAIS DOUX 300G,Épicerie Générale,1050,JUMIA,2026-03-11
UMBRELLA RIZ BRISÉ PARFUMÉ 25KG,Épicerie Générale,12700,JUMIA,2026-03-11
OLA BOITE DE 10 SACHET DE CARAMEL CAPPUCCINO 18G,Épicerie Générale,1975,JUMIA,2026-03-11
NECTAR DE FRUITS - COCKTAIL - 1 LITRE,Épicerie Générale,990,JUMIA,2026-03-11
ARMONIA LOT DE 2 BACTÉRICIDE IL BRISE MARINE,Épicerie Générale,1176,JUMIA,2026-03-11
THE DE 10 INFUSETTES BISSAP MENTHE,Épicerie Générale,1900,JUMIA,2026-03-11
"CAFE BELLAROM GOLD 100 % ARABICA, VENANT DE LONDRES 200G",Épicerie Générale,12500,JUMIA,2026-03-11
BOITE DE 100 SACHETS DE THE,Épicerie Générale,3790,JUMIA,2026-03-11
INFUSETTES POUR THÉ JETABLES AVEC CORDON- LOT DE 100,Épicerie Générale,2375,JUMIA,2026-03-11
AUNTIE B LOT DE 5 PAQUETS DE SPAGHETTI - 400G,Épicerie Générale,1725,JUMIA,2026-03-11
NOURA SAVON MULTI-USAGE MAX,Épicerie Générale,250,JUMIA,2026-03-11
AVRIL PETIT POIS TRES FINS 1/2,Épicerie Générale,1090,JUMIA,2026-03-11
PLANET POMME PACK DE 12 BOUTEILLES - 350ML,Épicerie Générale,1990,JUMIA,2026-03-11
MADAR POUDRE PLATINIUM 800G,Épicerie Générale,1090,JUMIA,2026-03-11
RED BULL PACK DE 4 CANNETTES 250 ML,Épicerie Générale,4690,JUMIA,2026-03-11
LOT DE 4 SAVON LA MAIN 225G,Épicerie Générale,1290,JUMIA,2026-03-11
MADAR LESSIVE EN POUDRE - 900G,Épicerie Générale,1025,JUMIA,2026-03-11
"HUMIDIFICATEUR D'AIR DE VOITURE PORTABLE, DIFFUSEUR D'ARÔMES, PARFUM ASTE, DÉSODORISANT PARFUMÉ, MACHINE À DIFFUSEUR",Épicerie Générale,6990,JUMIA,2026-03-11
THE KINKELIBA MENTHE,Épicerie Générale,1900,JUMIA,2026-03-11
LOT DE 2 INSECTICIDE TAF-TAF 300 ML,Épicerie Générale,1290,JUMIA,2026-03-11
MOKATE GOLD PREMIUM CAPPUCCINO CLASSIC - CAFÉ INSTANTANÉ ONCTUEUX - 10 SACHETS (140G) - VENANT DE LONDRES,Épicerie Générale,4900,JUMIA,2026-03-11
BALAI MAGIQUE EN SILICONE,Épicerie Générale,3000,JUMIA,2026-03-11
HIMALAYAN SHILAJIT RÉSINE SHILAJIT PURE DE QUALITÉ SUPÉRIEURE RICHE EN OLIGO-ÉLÉMENTS POUR LE SYSTÈME IMMUNITAIRE,Épicerie Générale,5700,JUMIA,2026-03-11
CASAMANÇAISE NECTAR 1L ORANGE,Épicerie Générale,1190,JUMIA,2026-03-11
PRÉSSÉA FRESH PACK DE 24 CANETTES ANANAS COCO - 25 CL,Épicerie Générale,6850,JUMIA,2026-03-11
MAGGI CUBE TABLETTE,Épicerie Générale,1650,JUMIA,2026-03-11
"5 FILTRES À FUMER PORTABLES, PORTE-CI-GARETTES, FILTRE À GOUDRON, FILTRE RÉUTILISABLE",Épicerie Générale,5600,JUMIA,2026-03-11
KIT DE RÉPARATION DE FISSURES DE PARE-BRISE DE 20 ML OUTIL DE RÉPARATION RAPIDE,Épicerie Générale,4900,JUMIA,2026-03-11
"CHOCOLAT AU LAIT FABRIQUÉ AVEC DU VRAI CACAO ET DU VRAI LAIT ÉCRÉMÉ. SANS : NE CONTIENT PAS D'ÉDULCORANTS ARTIFICIELS, DE CONSERVATEURS, D'ARÔMES OU DE COLORANTS ARTIFICIELS, ET EST SANS CAFÉINE.",Épicerie Générale,13775,JUMIA,2026-03-11
CASAMANÇAISE NECTAR 1L ANANAS,Épicerie Générale,1160,JUMIA,2026-03-11
ARMONIA LAVE-VITRE 750ML,Épicerie Générale,625,JUMIA,2026-03-11
ARMONIA ANTISEPTIQUE SURFACE 750ML,Épicerie Générale,725,JUMIA,2026-03-11
PLANET RED MIX PACK DE 12 BOUTEILLES - 350ML,Épicerie Générale,1990,JUMIA,2026-03-11
CASAMANÇAISE NECTAR 1L TROPICAL,Épicerie Générale,1190,JUMIA,2026-03-11
ALLUME-GAZ ÉLECTRONIQUE DE MARQUE NOKIA,Épicerie Générale,3000,JUMIA,2026-03-11
BAR DOUBLE TUBE EN VERRE POT DE NARGUILÉ CITROUILLE SET DE NARGUILÉ,Épicerie Générale,9779,JUMIA,2026-03-11
UNBRAND BISCUITS BOURBON CREAMS TOWER GATE - FOURRÉS À LA CRÈME CHOCOLAT - 400G - VENANT DE LONDRES,Épicerie Générale,4400,JUMIA,2026-03-11
ARMONIA AMBIANTADOR 500ML FRAISE,Épicerie Générale,850,JUMIA,2026-03-11
PLANET ORANGE PACK DE 12 BOUTEILLES - 350ML,Boissons,1950,JUMIA,2026-03-11
AMERICAN COLA PACK DE 12 BOUTEILLES - 350ML,Boissons,1950,JUMIA,2026-03-11
FANTA ORANGE PACK DE 24 CANETTES - 33CL,Boissons,7450,JUMIA,2026-03-11
SAMA PACK DE 24 CANETTES GOYAVE - 25 CL,Boissons,6800,JUMIA,2026-03-11
EAU DE ZAM ZAM -BOUTEILLE DE 1L,Boissons,10300,JUMIA,2026-03-11
PLANET TROPICAL PACK DE 12 BOUTEILLES - 350ML,Boissons,1950,JUMIA,2026-03-11
PUR JUS 100% ORANGE - 1 LITRE,Boissons,1990,JUMIA,2026-03-11
PACK DE 24 CANETTES - 33CL,Boissons,7450,JUMIA,2026-03-11
"MARIAMAH MÉLANGE INFUSION: ROSE, ROMARIN, VERVEINE, THYM ET LAVANDE 100% NATURELLE - BIEN ÊTRE - 40 GR",Boissons,4500,JUMIA,2026-03-11
SUNUCAFÉ - CAFÉ TOUBA CAPSULES - CLASSIC AVEC DJARR - 10PIÈCES,Boissons,3900,JUMIA,2026-03-11
NESCAFE BOITE 100G,Boissons,3190,JUMIA,2026-03-11
THÉ VERT DE CHINE JASMINE AROMATISÉ 125 G,Boissons,5400,JUMIA,2026-03-11
COCA-COLA COCA-COLA ZERO - PACK DE 12 CAN 33CL,Boissons,3750,JUMIA,2026-03-11
CRÈME À CAFÉ COFFEE MATE CONÇUE POUR AJOUTER DE L'ONCTUOSITÉ ET DE LA SAVEUR AU CAFÉ EST SANS LACTOSE ET SANS CHOLESTÉROL,Boissons,12350,JUMIA,2026-03-11
"CAFÉ TERANGA PACK RAVITAILLEMENT ESSENTIEL RAMADAN – CAPPUCCINO, CAFÉ SOLUBLE, LAIT, DATTES L FORMAT FAMILIAL ÉCONOMIQUE",Boissons,65000,JUMIA,2026-03-11
EAU DE ZAM ZAM - BOUTEILLE DE 125ML,Boissons,2200,JUMIA,2026-03-11
"CAFÉ TERANGA PACK RAVITAILLEMENT PREMIUM RAMADAN – CAPPUCCINO, CAFÉ, THÉ, CACAO, NUTELLA & MAXI BOISSONS",Boissons,69000,JUMIA,2026-03-11
EAU DE ZAM ZAM -BOUTEILLE DE 1L -GM,Boissons,10000,JUMIA,2026-03-11
NESCAFE DOLCE GUSTO DOLCE GUSTO – PACK 3 X 30 CAPSULES DE CAFÉ LUNGO - INTENSITÉ 6 (90 CAPSULES) – INTENSITÉ & ARÔME RICHES,Boissons,40000,JUMIA,2026-03-11
CAFÉ MOKATE GOLD TOFFEE NUT - CERTIFIÉ RAINFOREST ALLIANCE - SAVEUR GOURMET NOISETTE - 8 PORTIONS,Boissons,4900,JUMIA,2026-03-11
30 CAPSULES DE CAFÉ ESPRESSO INTENSE N°9 - COMPATIBLE NESPRESSO ORIGINAL - 100% ARABICA,Boissons,15000,JUMIA,2026-03-11
"MARIAMAH MÉLANGE INFUSION: ROSE, ROMARIN, VERVEINE, THYM ET LAVANDE 100% NATURELLE- BIEN ÊTRE",Boissons,10000,JUMIA,2026-03-11
CAFE BELLAROM GOLD 100 % ARABICA VENANT DE LONDRES 200G,Boissons,11900,JUMIA,2026-03-11
MOKATE GOLD PREMIUM LATTE CARAMEL - CAFÉ INSTANTANÉ GOURMET - 10 SACHETS (140G) - VENANT DE LONDRES,Boissons,4900,JUMIA,2026-03-11
NESQUICK POUDRE DE CACAO INSTANTANÉE QUI TRANSFORME LE LAIT EN UNE BOISSON SAVOUREUSE.,Boissons,14250,JUMIA,2026-03-11
"BOISSON EN POUDRE AROMATISÉE TANG, SUCRÉE ET ENRICHIE EN VITAMINES, À DILUER AVEC DE L'EAU POUR CRÉER UNE BOISSON FRUITÉE (ORANGE).",Boissons,12350,JUMIA,2026-03-11
CAFÉ TÉRANGA BOX – PACK CAPSULES 100 % ARABICA & THÉ L PAUSE GOURMANDE AVEC LAIT & MIEL/SUCRE,Boissons,30000,JUMIA,2026-03-11
CAFÉ TÉRANGA BOX – BOX RAMADAN INFUSIONS ET CAPSULES CAFÉ 100 % ARABICA L CONFORT & ÉNERGIE,Boissons,48000,JUMIA,2026-03-11
TASSIMO L’OR CAFÉ LONG INTENSE – LOT DE 2 X 16 CAPSULES (COMPATIBLE MACHINE TASSIMO),Boissons,12500,JUMIA,2026-03-11
THÉ JASMINE,Boissons,9000,JUMIA,2026-03-11
MARIAMA LAVANDE SÉCHÉ - INFUSION POUR RELAXATION -60 G,Boissons,5000,JUMIA,2026-03-11
"CAFÉ TÉRANGA BOX – PACK PAUSE CAFÉ ESSENTIELLE L CAFÉ SOLUBLE, THÉ, LAIT & SUCRE",Boissons,30000,JUMIA,2026-03-11
CAPSULES DE CAFÉ L’OR ESPRESSO SUPREMO – INTENSITÉ 10 – PACK DE 50 CAPSULES,Boissons,19900,JUMIA,2026-03-11
"LE CAFÉ QUI FAIT L'UNANIMITÉ (397G), UN MÉLANGE MAISON DE TORRÉFACTION LÉGÈRE À MOYENNE QUI OFFRE UNE SAVEUR DOUCE ET ÉQUILIBRÉE.",Boissons,17575,JUMIA,2026-03-11
L'OR EXPRESSO BRAZIL - CAPSULES DE CAFÉ INTENSITÉ 8 - PACK DE 5 ×10 CAPSULES,Boissons,18400,JUMIA,2026-03-11
BELLAROSS BELLAROM CAPPUCCINO LOW SUGAR 10 PACK 142G (V-UK),Boissons,5000,JUMIA,2026-03-11
NESCAFE DOLCE GUSTO LOT DE 48 CAPSULES DE CAFÉ LUNGO (3 X 16) – CAFÉ ALLONGÉ INTENSE ET AROMATIQUE,Boissons,18905,JUMIA,2026-03-11
LOT DE 5X10 CAPSULES DE CAFÉ (50 CAPSULES) - L’OR ESPRESSO LUNGO PROFONDO – INTENSITÉ 8,Boissons,19900,JUMIA,2026-03-11
MOKATE 3EN1 CARAMEL SALÉ - CAFÉ INSTANTANÉ - BOÎTE DE 30 STICKS - VENANT DE LONDRES,Boissons,10000,JUMIA,2026-03-11
NESCAFÉ DÉCAFÉINÉ INSTANTANÉ: LE BON CHOIX. TORRÉFACTION MOYENNE AVEC UNE SAVEUR RICHE ET PROFONDE. POIDS NET : 8 OZ (227G).,Boissons,12350,JUMIA,2026-03-11
CAPSULES DE CAFÉ L’OR ESPRESSO SPLENDENTE – INTENSITÉ 7 – PACK DE 50 CAPSULES,Boissons,18900,JUMIA,2026-03-11
ASSORTIMENT 10 × 10 CAPSULES NESCAFÉ FARMERS ORIGINS – 5× BRASIL INTENSITÉ 8 + 5× INDIA INTENSITÉ 9 – COMPATIBLES NESPRESSO,Boissons,45000,JUMIA,2026-03-11
MOKATE 3IN1 CLASSIC - CAFÉ INSTANTANÉ 3 EN 1 - BOÎTE DE 30 STICKS - VENANT DE LONDRES,Boissons,10000,JUMIA,2026-03-11
BOÎTE DE RANGEMENT À CAPSULE DE LUXE PRATIQUE,Boissons,14000,JUMIA,2026-03-11
PANIER DE FRUITS OU DE LÉGUME DÉCORATIF TRÈS PRATIQUE,Boissons,19500,JUMIA,2026-03-11
60 CAPSULES DE CAFÉ ESPRESSO INTENSE N°9 COMPATIBLES NESPRESSO® - CAFÉ 100% ARABICA,Boissons,35000,JUMIA,2026-03-11
SEGAFREDO ZANETTI LOT 5 BOÎTES DE CAPSULES DE CAFÉ – CLASSICO INTENSITÉ 10 – COMPATIBLES NESPRESSO – 5 X 10 CAPSULES (50 CAPSULES),Boissons,18900,JUMIA,2026-03-11
"MORINGA EN POUDRE BIO, SACHET DE 100 GR",Boissons,2500,JUMIA,2026-03-11
MARIAMAH VERVAINE - INFUSION 40 G,Boissons,5000,JUMIA,2026-03-11
PACK DE 2 × 30 CAPSULES DE CAFÉ – RISTRETTO PUISSANT N°12 – COMPATIBLES NESPRESSO,Boissons,23900,JUMIA,2026-03-11
"SPIRULINE EN POUDRE, SACHET DE 100 GR- BIO",Boissons,15000,JUMIA,2026-03-11
MARIAMAH THYM - DIGESTIF NATUREL,Boissons,6000,JUMIA,2026-03-11
SEGAFREDO ZANETTI ASSORTIMENT CAPSULES DE CAFÉ – BRASILE 8 + PÉROU 9 + INTENSO 12 – COMPATIBLES NESPRESSO – 5 X 10 CAPSULES,Boissons,30000,JUMIA,2026-03-11
PACK DE 2 × 30 CAPSULES DE CAFÉ – ESPRESSO INTENSE N°9 – COMPATIBLES NESPRESSO,Boissons,22900,JUMIA,2026-03-11
PACK DE 2 × 30 CAPSULES DE CAFÉ – ESPRESSO CLASSIQUE N°7 – COMPATIBLES NESPRESSO,Boissons,22900,JUMIA,2026-03-11
COCA-COLA MULTIPACK - 24 CAN 33CL,Boissons,7400,JUMIA,2026-03-11
"FEUILLES DE NGUER SÉCHÉES BIO, SACHET DE 30 GR",Boissons,700,JUMIA,2026-03-11
NESCAFÉ DÉCAFÉINÉ CLASSIQUE: LE BON CHOIX. GRANULÉS DE CAFÉ LYOPHILISÉ INSTANTANÉ.SAVEUR RICHE ET PROFONDE SANS LA CAFÉINE 198G.,Boissons,12350,JUMIA,2026-03-11
KHAMRAH LATTAFA,Boissons,21800,JUMIA,2026-03-11
BIO THÉ INFUSION MORINGA EN FEUILLES,Boissons,2755,JUMIA,2026-03-11
SCHWEPPES SCHWEPPES AGRUMES - PACK DE 12 CAN 25CL,Boissons,3750,JUMIA,2026-03-11
NIDO KINDER LAIT DE CROISSANCE 1+ – NUTRITION ENFANT 1 AN ET PLUS,Boissons,26500,JUMIA,2026-03-11
CAFÉ CAPSULE CARTE NOIRE ESPRESSO BOITE DE 30 CAPSULES INTENSITÉ 9,Boissons,12500,JUMIA,2026-03-11
CIC RIZ QUALITÉ SUPERIEUR SORTEX PARBOILED 100% BRISURES.,Céréales & Riz,23200,JUMIA,2026-03-11
THIAKRY DE MIL,Céréales & Riz,2375,JUMIA,2026-03-11
RIZ BLANC LONG GRAIN 50 LB – QUALITÉ PREMIUM POUR FAMILLES & RESTAURANTS,Céréales & Riz,20000,JUMIA,2026-03-11
CIC DAIBON RIZ LONG GRAIN PARFUME – 5 X 5 KG,Céréales & Riz,26000,JUMIA,2026-03-11
ARAW DE MIL,Céréales & Riz,2375,JUMIA,2026-03-11
LIBIDOR RIZ ENTIER PARFUME 5KG,Céréales & Riz,2700,JUMIA,2026-03-11
THIERE LALO BIO,Céréales & Riz,2375,JUMIA,2026-03-11
HARMONY CARTON DE 24 PAQUETS DE GAUFRETTES À LA FRAISE 34G,Boulangerie,2250,JUMIA,2026-03-11
MACHINE A GAUFRES ÉLECTRIQUE.,Boulangerie,17500,JUMIA,2026-03-11
MACHINE A GAUFRES ÉLECTRIQUE - NOIR,Boulangerie,12000,JUMIA,2026-03-11
MACHINE À GAUFRES MACHINE À SANDWICH ÉLECTRIQUE DOUBLE FACE.,Boulangerie,17500,JUMIA,2026-03-11
"MACHINE À GAUFRES APPAREIL À SANDWICH 6 EN UN GRAND MODÈLE PLAQUE INTERCHANGEABLE ANTIADHÉSIF, CHAUFFAGE DOUBLE FACE.",Boulangerie,38000,JUMIA,2026-03-11
GAUFRIER ET MACHINE À SANDWICH 3 EN 1,Boulangerie,25900,JUMIA,2026-03-11
"SKIPPY PEANUT BUTTER CREAMY – BEURRE DE CACAHUÈTE CRÉMEUX 1,13 KG",Boulangerie,10000,JUMIA,2026-03-11
"MACHINE À BISCUITS À CRÈME, PRESSE À BISCUITS, PISTOLET À BISCUITS DE LUXE, POUR FABRICATION DE BISCUITS, FOURNITURES DE DÉCORATION DE PÂTISSERIE",Boulangerie,22500,JUMIA,2026-03-11
LAZZARONI NOVELLINI : LE BISCUIT ITALIEN AU MIEL ET AU LAIT,Boulangerie,22000,JUMIA,2026-03-11
ENSEMBLE MOULE GÂTEAU ANTIADHÉSIF,Boulangerie,5800,JUMIA,2026-03-11
NOIR MACHINE SANDWICH ÉLECTRIQUE MODERNE ET PRATIQUE STYLÉ,Boulangerie,18500,JUMIA,2026-03-11
MACHINE SANDWICH ÉLECTRIQUE MODERNE ET PRATIQUE,Boulangerie,18999,JUMIA,2026-03-11
UNBRANDED BISCUITS CUSTARD CREAMS TOWER GATE - FOURRÉS À LA CRÈME VANILLE - 300G - VENANT DE LONDRES,Bonbons & Chocolat,4800,JUMIA,2026-03-11
LOT DE 2 BOÎTES DRUMSTICK SUPER SIPPERS - 20 PAILLES MAGIQUES SAVEUR FRAMBOISE & LAIT - SANS LACTOSE,Bonbons & Chocolat,5900,JUMIA,2026-03-11
LOT DE 4 PAILLES MAGIQUES MILKY SIP CHOCOLAT - TRANSFORME LE LAIT EN BOISSON GOURMANDE - PACK DE 5,Bonbons & Chocolat,8900,JUMIA,2026-03-11
"AMANDES BLANCHES DE NOIX DE CAJOU, SACHET DE 100 GR",Bonbons & Chocolat,2300,JUMIA,2026-03-11
TOWER GATE MILK CHOCOLATE DIGESTIVES - BISCUITS AU BLÉ COMPLET NAPPÉS DE CHOCOLAT AU LAIT - PAQUET DE 300G,Bonbons & Chocolat,5000,JUMIA,2026-03-11
ARMONIA LAVE-MAINS 500ML TROPICAL,Désodorisants,600,JUMIA,2026-03-11
FLORIA DESODORISANT FLORIA 125ML CLASSIC (JAUN,Désodorisants,690,JUMIA,2026-03-11
FLORIA DESODORISANT FLORIA 125ML FLORAL (ORANG,Désodorisants,690,JUMIA,2026-03-11
NOVELAS NOVELAS 400ML LAVANDE,Désodorisants,780,JUMIA,2026-03-11
NOVELAS NOVELAS 400ML BRISE MARINE 7,Désodorisants,850,JUMIA,2026-03-11
FLORIA DESODORISANT FLORIA 125ML PIN (VERT),Désodorisants,690,JUMIA,2026-03-11
DÉSODORISANT DOVE POMME,Désodorisants,2875,JUMIA,2026-03-11
ARMONIA AMBIANTADOR 500ML PINK,Désodorisants,825,JUMIA,2026-03-11
MAYANA PARFUM DE CHAMBRE/VOITURE/SALLE ORIENTAL - MAYANA,Désodorisants,3987,JUMIA,2026-03-11
NOVELAS NOVELAS 400ML AL JINAN,Désodorisants,780,JUMIA,2026-03-11
NOVELAS NOVELAS 400ML MAKKA,Désodorisants,990,JUMIA,2026-03-11
MAYANA PARFUM DE CHAMBRE/VOITURE/SALLE BAKHOUR - MAYANA,Désodorisants,2811,JUMIA,2026-03-11
NASEEM DÉSODORISANT BUSHRA VOITURE-MAISON ET BUREAU 300ML,Désodorisants,6000,JUMIA,2026-03-11
NOVELAS NOVELAS 400ML TCHOURAYE,Désodorisants,750,JUMIA,2026-03-11
NOVA LOT DE 3 NOVA DESODORISANT NOVA FRESH NUIT D'ORIENT 500ML,Désodorisants,3880,JUMIA,2026-03-11
ELENOR AIR FRESHNER 500ML LAVANDE,Désodorisants,1500,JUMIA,2026-03-11
PARFUM DE CHAMBRE AMBIENTADOR FLORAL PLUS,Désodorisants,7900,JUMIA,2026-03-11
DÉODORANT DOVE _ ANTI-TRANSPIRANTE ET DÉSODORISANT,Désodorisants,2700,JUMIA,2026-03-11
AIR FRESHENER LEMON,Désodorisants,4500,JUMIA,2026-03-11
NOVA LOT DE 3 NOVA DESODORISANT NOVA FRESH FRAICHEUR 500ML,Désodorisants,3900,JUMIA,2026-03-11
SYS DÉSODORISANT SYS FRUIT ROUGE - 100 ML,Désodorisants,3480,JUMIA,2026-03-11
PARFUM D'OR BAGASSE JONGOMA THIOURAYES ET DÉSODORISANTS,Désodorisants,18500,JUMIA,2026-03-11
AIR FRESHENER JASMINE,Désodorisants,4500,JUMIA,2026-03-11
DÉSODORISANT CHAMBRE EYFEL,Désodorisants,5490,JUMIA,2026-03-11
YARA DÉODORISANT,Désodorisants,5315,JUMIA,2026-03-11
"UNBRAND DÉSODORISANT BLEU HAWAÏEN – SPRAY DE 30 ML POUR VOITURE - EFFICACE POUR LA MAISON ET LA VOITURE, SPRAY RAFRAÎCHISSANT POUR LA CUISINE, LA SALLE DE BAIN ET NEUTRALISANT LES ODEURS- VENANT DE LONDRES",Désodorisants,10000,JUMIA,2026-03-11
"DÉSODORISANT VANILLE – SPRAY DE 30 ML - EFFICACE POUR LA MAISON ET LA VOITURE, SPRAY RAFRAÎCHISSANT POUR LA CUISINE, LA SALLE DE BAIN ET NEUTRALISANT LES ODEURS - VENANT DE LONDRES",Désodorisants,10113,JUMIA,2026-03-11
"UNBRAND DÉSODORISANT BLACK CHERRY / CERISE NOIRE – SPRAY DE 30 ML POUR VOITURE - EFFICACE POUR LA MAISON ET LA VOITURE, SPRAY RAFRAÎCHISSANT POUR LA CUISINE, LA SALLE DE BAIN ET NEUTRALISANT LES ODEURS- VENANT DE LONDRES",Désodorisants,10000,JUMIA,2026-03-11
WHITE LABEL POUDRE SOUYE BALAI - 25G,Désodorisants,3900,JUMIA,2026-03-11
DÉSODORISANT À SPRAY BELAIR,Désodorisants,4000,JUMIA,2026-03-11
BIO DÉSODORISANT AGERUL SUFFLOR CONCENTRÉ GOUTTE À GOUTTE,Désodorisants,4650,JUMIA,2026-03-11
DÉSODORISANT DOVE CONCOMBRES 150 ML,Désodorisants,2900,JUMIA,2026-03-11
NASEEM PARFUM DE CHAMBRE SADAAT (HALAL) DÉODORISANT 300 ML,Désodorisants,8175,JUMIA,2026-03-11
BIO DÉSODORISANT AGERUL SUFFLOR CONCENTRÉ GOUTTE À GOUTTE-125 ML,Désodorisants,4650,JUMIA,2026-03-11
NOVA LOT DE 3 NOVA DESODORISANT NOVA FRESH INTENSE 500ML,Désodorisants,3875,JUMIA,2026-03-11
DÉSODORISANT YARA,Désodorisants,5000,JUMIA,2026-03-11
NOVA LOT DE 3 NOVA DESODORISANT NOVA FRESH OUD 500ML,Désodorisants,3975,JUMIA,2026-03-11
NOVA DESODORISANT NOVA FRESH FRAICHEUR 500ML,Désodorisants,2250,JUMIA,2026-03-11
MAYANA PARFUM DE CHAMBRE/VOITURE/SALLE OUD ROYAL - MAYANA,Désodorisants,3751,JUMIA,2026-03-11
NASEEM PARFUM DE CHAMBRE JAMEELAH - 300ML,Désodorisants,6300,JUMIA,2026-03-11
NOVA DESODORISANT NOVA FRESH LAVANDE 500ML,Désodorisants,2250,JUMIA,2026-03-11
BIO 100% FORESAN DÉSODORISANT CONCENTRÉ GOUTTE À GOUTTE - 125 ML,Désodorisants,2800,JUMIA,2026-03-11
EYFEL PARFUM PUDRA,Désodorisants,6900,JUMIA,2026-03-11
OTHER PARFUM DÉSODORISANT - AMBIENTADOR - 100 ML,Désodorisants,3200,JUMIA,2026-03-11
NASEEM PARFUM DE CHAMBRE SADAAT (HALAL) DÉODORISANT - 300 ML,Désodorisants,9500,JUMIA,2026-03-11
NOVA DESODORISANT NOVA FRESH ORIENTAL BAKHOUR 500ML,Désodorisants,1875,JUMIA,2026-03-11
NOVA DESODORISANT NOVA FRESH INTENSE 500ML,Désodorisants,2250,JUMIA,2026-03-11
DÉSODORISANT CHAMBRE AUTO BUHRA,Désodorisants,4900,JUMIA,2026-03-11
PARFUM D'OR KIT JONGOMA THIOURAYE ET DÉSODORISANTS,Désodorisants,14990,JUMIA,2026-03-11
LE DÉSODORISANT MAKHMALI,Désodorisants,8550,JUMIA,2026-03-11
AIR FRESHENER LAVENDER,Désodorisants,4500,JUMIA,2026-03-11
NOVA DESODORISANT NOVA FRESH OUD 500ML,Désodorisants,1890,JUMIA,2026-03-11
NASEEM DÉSODORISANT BUSHRA VOITURE/MAISON/BUREAU 300ML,Désodorisants,3900,JUMIA,2026-03-11
NOVA DESODORISANT NOVA FRESH FRAISE 500ML,Désodorisants,2250,JUMIA,2026-03-11
VAPORISATEUR DE PARFUM 8 ML,Désodorisants,2250,JUMIA,2026-03-11
BIO 100% AGERUL SUFFLOR DÉSODORISANT CONCENTRÉ GOUTTE À GOUTTE,Désodorisants,3000,JUMIA,2026-03-11
AGERUL SUFFLOR DÉSODORISANT CONCENTRÉ GOUTTE À GOUTTE,Désodorisants,3000,JUMIA,2026-03-11
NASEEM PARFUM DE CHAMBRE JAMEELAH,Désodorisants,7000,JUMIA,2026-03-11
AVRIL PETITS POIS EXTRA FINS - 400G,Conserves,1290,JUMIA,2026-03-11
LOT DE 4 MANGUES SÉCHÉES PIMENTÉES,Conserves,10500,JUMIA,2026-03-11
AVRIL PETIT POIS EXTRA FINS 4/4,Conserves,2190,JUMIA,2026-03-11
CORIANDRE ÉPICE EN POUDRE 100G,Conserves,2900,JUMIA,2026-03-11
AVRIL PETIT POIS CAROTTES TRES FIN 4/4,Conserves,1890,JUMIA,2026-03-11
LOT DE 4 MANGUES SÉCHÉES,Conserves,8000,JUMIA,2026-03-11
PACK DE 3 MORCEAUX DE 4 COTÉS FRUIT 4 FACES EN MORCEAU,Conserves,2900,JUMIA,2026-03-11
PAPIER ALUMINIUM GM,Conserves,9000,JUMIA,2026-03-11
LINGUÈRE CONCENTRÉ DE TOMATE - 350G,Conserves,750,JUMIA,2026-03-11
FRITEUSE AVEC COUVERCLE 26CM - ROUGE,Conserves,6500,JUMIA,2026-03-11
"POIVRE AFRICAIN ( DIARE) POIVRE DE SELIM OU POIVRE DE GUINÉE, 200 G",Conserves,1900,JUMIA,2026-03-11
DATTIER PRATIQUE ET SOPHISTIQUÉ - PRÉSENTOIR DÉCORATION D'INTÉRIEUR,Conserves,30000,JUMIA,2026-03-11
"BOITE DE RANGEMENT TASSE, PAIN",Conserves,8400,JUMIA,2026-03-11
LOT DE 6 POTS D'OLIVES VERTES ENTIÈRES SACLA (6 X 290G),Conserves,21000,JUMIA,2026-03-11
ESSENTIEL DE L'APÉRITIVE - LOT DE 5 POTS DE MACÉDOINE DE LÉGUMES ET LAMELLES DE POIVRONS ROUGES ET JAUNES À FAIBLE ACIDITÉ,Conserves,22000,JUMIA,2026-03-11
LOT DE 4 BOÎTES DE MAQUEREAU AU NATUREL PORTICELLO (4 X 425G) – RICHE EN OMÉGA-3 ET PROTÉINES,Conserves,22000,JUMIA,2026-03-11
LOT DE 5 CONSERVES DE LENTILLES SELEX – QUALITÉ ITALIENNE & FORMAT ÉCONOMIQUE- 400G CHACUN,Conserves,13000,JUMIA,2026-03-11
PACK SPÉCIAL KORITÉ - LOT DE 5 POTS : POT LAMELLES DE POIVRONS ROUGES ET JAUNES À FAIBLE ACIDITÉ + POTS DE MÉLANGE DE LÉGUMES + POT DE MAIS + POT D'OLIVES VERTES,Conserves,22000,JUMIA,2026-03-11
MADAR POUDRE CLASSIQUE 400G,Nettoyage,590,JUMIA,2026-03-11
NOURA LAVE MAIN SAVON DE MARSEILLE 500ML,Nettoyage,690,JUMIA,2026-03-11
MADAR GOLD LAVE MAIN VANILLE 500ML,Nettoyage,690,JUMIA,2026-03-11
MADAR NETTOYANT BOIS 750ML,Nettoyage,690,JUMIA,2026-03-11
MADAR LAVE VITRE 750ML,Nettoyage,690,JUMIA,2026-03-11
MOUSSE POUR CHAUSSURES - BLANC,Nettoyage,4165,JUMIA,2026-03-11
PAQUET DE 3 BLOCS DE PASTILLES NETTOYANTES ANTI-CALCAIRE POUR TOILETTES AU PARFUM FLORAL RAFRAÎCHISSANT,Nettoyage,2517,JUMIA,2026-03-11
LOT DE 12 ÉPONGES DOUBLE FACE À VAISSELLE OU MULTI-USAGE - CA820071,Nettoyage,4498,JUMIA,2026-03-11
PAQUET DE 5 SERPILLIÈRES - COTON 100% - 50 X 60 CM,Nettoyage,4600,JUMIA,2026-03-11
PULVÉRISATEUR À HAUTE PRESSION 8 LITRES,Nettoyage,13899,JUMIA,2026-03-11
PULVÉRISATEUR HAUTE PRESSION 2 LITRES -POUR LA DÉSINFECTION ET L'ASSAINISSEMENT,Nettoyage,6900,JUMIA,2026-03-11
1 PAQUET DE 2 BLOCS DE PASTILLES NETTOYANTES ANTI CALCAIRES POUR TOILETTES AU PARFUM FLORAL RAFRAÎCHISSANT,Nettoyage,2190,JUMIA,2026-03-11
10 ÉPONGES DE NETTOYAGE POLYVALENTES,Nettoyage,4990,JUMIA,2026-03-11
ÉPONGE À RÉCURER EN ACIER INOXYDABLE - 04 PCS + OMO MADAR 1KG,Nettoyage,4300,JUMIA,2026-03-11
3 BROSSES A MANCHE,Nettoyage,2290,JUMIA,2026-03-11
SÈCHE LINGE POUR INTÉRIEUR ET EXTÉRIEUR (750-1260)X640X1700.,Nettoyage,20000,JUMIA,2026-03-11
PELLE / BALAYETTE PVC AVEC BORD - PETIT MODÈLE,Nettoyage,3000,JUMIA,2026-03-11
KIT DE NETTOYAGE D’ECRAN FH-HB018E - HANDBOSS - 200 ML,Nettoyage,2500,JUMIA,2026-03-11
MINI BALAI ET RACLETTE 2 EN 1,Nettoyage,4000,JUMIA,2026-03-11
MIEL BIO 200 ML,Cuisson,1915,JUMIA,2026-03-11
MIEL,Cuisson,14500,JUMIA,2026-03-11
"CHAPELURE ASSAISONNÉE 4C, UN INGRÉDIENT DE CUISINE POPULAIRE UTILISÉ POUR PANER LE POISSON, LE POULET ET LES LÉGUMES, LIER OU GARNIR DIVERS PLATS. 1,3 KG",Cuisson,12350,JUMIA,2026-03-11
SOUKI SUCRE EN POUDRE - 1KG SOUKI,Cuisson,800,JUMIA,2026-03-11
PANELLI LEVURE SECHE - 500G,Cuisson,1250,JUMIA,2026-03-11
SOUPLESSE HUILE D'OLIVE 100% BIO - 60 ML,Cuisson,3500,JUMIA,2026-03-11
EXPRESS HUILE D'OLIVE 100% BIO - 60 ML,Cuisson,6000,JUMIA,2026-03-11
CHAFFING DISH AVEC 2 COMPARTIMENTS - CAPACITÉ 11L,Cuisson,15170,JUMIA,2026-03-11
CHAFFING DISH AVEC 3 COMPARTIMENTS - CAPACITÉ 11L,Cuisson,19000,JUMIA,2026-03-11
ALLUME-GAZ ÉLECTRIQUE ALLUME-FEU POUR CUISINE POÊLE À GAZ POÊLE BARBECUE POÊLES,Cuisson,3148,JUMIA,2026-03-11
BIO HUILE DE CHÉBÉ DU TCHAD POUR CHEVEUX 30ML,Cuisson,2500,JUMIA,2026-03-11
CARNAVAL CARTON DE 24 PAQUET DE GAUFRETTES AU CACAO 40G,Alimentaire,2200,JUMIA,2026-03-11
A BREAK CARTON DE 24 PAQUETS DE BISCUITS AUX PÉPITES DE CHOCOLAT 80G,Alimentaire,4690,JUMIA,2026-03-11
EMPIRE PLUS CARTON DE 24 PAQUETS DE BISCUITS FOURRÉS AU CHOCOLAT 92G,Alimentaire,4690,JUMIA,2026-03-11
CARNAVAL CARTON DE 24 PAQUETS DE GAUFRETTE AU LAIT ET À LA CRÈME CACAO 40G,Alimentaire,2250,JUMIA,2026-03-11
MOSAIC CARTON DE 12 PAQUETS DE BISCUITS FOURRÉS AU CHOCOLAT 100G,Alimentaire,2250,JUMIA,2026-03-11
PRINGLES PRINGLES BARBECUE,Alimentaire,1590,JUMIA,2026-03-11
EMPIRE PLUS CARTON DE 24 PAQUETS DE BISCUITS FOURRÉS AU CACAO FOURRÉS AU CHOCOLAT 92G,Alimentaire,4690,JUMIA,2026-03-11
PRINGLES PRINGLES NATURE,Alimentaire,1590,JUMIA,2026-03-11
CARNAVAL CARTON DE 24 PAQUETS DE GAUFRETTE À LA FRAISE 40G,Alimentaire,2250,JUMIA,2026-03-11
PACK DE 24 PAQUETS - COOKIES BOUM CACAO 30G,Alimentaire,2290,JUMIA,2026-03-11
CUBE DE R UBIK LISSE ET BRILLANT DE TROISIÈME ORDRE JOUETS ÉDUCATIFS POUR ENFANTS,Alimentaire,2390,JUMIA,2026-03-11
EPICE AFRICASHOP - SEAU 1KG,Alimentaire,7990,JUMIA,2026-03-11
HUILE D’AIL,Alimentaire,2900,JUMIA,2026-03-11
"INFUSION - BELLE PEAU, 16 SACHETS DE THÉ (40 G)",Alimentaire,5900,JUMIA,2026-03-11
ALESTO - CACAHUÈTES GRILLÉES SEL & VINAIGRE (SALT & VINEGAR) - SACHET REFERMABLE - 200G,Alimentaire,8500,JUMIA,2026-03-11
UNBRAND CACAHUÈTES GRILLÉES AU MIEL ALESTO - 200G - SNACK SUCRÉ-SALÉ CROQUANT,Alimentaire,8500,JUMIA,2026-03-11
UNBRAND ALESTO - CACAHUÈTES GRILLÉES SEL & VINAIGRE (SALT & VINEGAR) - SACHET REFERMABLE - 200G,Alimentaire,8500,JUMIA,2026-03-11
CARTON SUCRE BUCHETTE BON APPETIT 10*500G-125 STICKS,Lait & Sucre,16500,SAKANAL,2026-03-11
SUCRE BICHETTE BON APPETIT 500G-125 STICKS,Lait & Sucre,2315,SAKANAL,2026-03-11
LAIT CONCENTRE NON SUCRE BON APPETIT 160G,Lait & Sucre,265,SAKANAL,2026-03-11
LAIT CONCENTRE SUCRE BON APPETIT 1KG,Lait & Sucre,1475,SAKANAL,2026-03-11
SUCRE EN MORCEAUX IMPORTE BON APPETIT 1KG,Lait & Sucre,1200,SAKANAL,2026-03-11
LAIT EN POUDRE MADILAIT 400G,Lait & Sucre,1560,SAKANAL,2026-03-11
LAIT CANDY UP COCO 200ML,Lait & Sucre,265,SAKANAL,2026-03-11
SUCRE GLACE KAYLA 500ML,Lait & Sucre,923,SAKANAL,2026-03-11
SUCRE GLACE KAYLA 1KG,Lait & Sucre,1845,SAKANAL,2026-03-11
CARTON LAIT CONCENTRE NON SUCRE BERNDE 48*160G,Lait & Sucre,12630,SAKANAL,2026-03-11
LAIT CONCENTRE NON SUCRE BERNDE160G,Lait & Sucre,316,SAKANAL,2026-03-11
LAIT LAMAR BRIQUE 100% NATUREL 500ML,Lait & Sucre,790,SAKANAL,2026-03-11
LAIT LAMAR BRIQUE 100% NATUREL 1L,Lait & Sucre,1475,SAKANAL,2026-03-11
SUCRE BUCHETTES DADDY 5GX120PCS,Lait & Sucre,3250,SAKANAL,2026-03-11
SUCRE BUCHETTE EDULCORANT SUCRIA PM X50SACHETS,Lait & Sucre,1580,SAKANAL,2026-03-11
LAIT CONCENTRE NON SUCRE BONLE 170G,Lait & Sucre,200,SAKANAL,2026-03-11
CARTON LAIT CANDIA 1/2 ECREME 12*1L,Lait & Sucre,15000,SAKANAL,2026-03-11
CARTON LAIT CONCENTRE NON SUCRE BON APPETIT 48*170G,Lait & Sucre,10000,SAKANAL,2026-03-11
LAIT CONCENTRE NON SUCRE LAICRAN 170G,Lait & Sucre,475,SAKANAL,2026-03-11
LAIT EN POUDRE LALIA 10*20G,Lait & Sucre,950,SAKANAL,2026-03-11
LAIT EN POUDRE LALIA 400G,Lait & Sucre,1580,SAKANAL,2026-03-11
SUCRE BUCHETTE EDULCORANT SVELTA X100SACHETS,Lait & Sucre,2815,SAKANAL,2026-03-11
SUCRE VANILLE VANOISE 20*5*7G,Lait & Sucre,2850,SAKANAL,2026-03-11
LAIT CONCENTRE NON SUCRE LALIA 160G,Lait & Sucre,360,SAKANAL,2026-03-11
CARTON LAIT ROSE ENTIER 12*500ML,Lait & Sucre,9750,SAKANAL,2026-03-11
CARTON JET VANILLE 30*200ML,Lait & Sucre,12250,SAKANAL,2026-03-11
SUCRE VANILLE FLOWER 100S,Lait & Sucre,1250,SAKANAL,2026-03-11
LAIT GLORIA EN POUDRE 10*15G,Lait & Sucre,975,SAKANAL,2026-03-11
LAIT ROSE ENTIER 200ML,Lait & Sucre,475,SAKANAL,2026-03-11
LAIT ROSE ENTIER 500ML,Lait & Sucre,910,SAKANAL,2026-03-11
LAIT NIDO 800G POT,Lait & Sucre,8160,SAKANAL,2026-03-11
LAIT GLORIA 150G,Lait & Sucre,625,SAKANAL,2026-03-11
LAIT EN POUDRE LACLAIT 10*25G,Lait & Sucre,948,SAKANAL,2026-03-11
CARTON LAIT NIDO EN POUDRE FORTICROISSANCE 12*370G,Lait & Sucre,22105,SAKANAL,2026-03-11
LAIT NIDO EN POUDRE FORTICROISSANCE 370G,Lait & Sucre,2090,SAKANAL,2026-03-11
CARTON LAIT LAICRAN ENTIER LIQUIDE 12* 500ML,Lait & Sucre,9900,SAKANAL,2026-03-11
SUCRE CRISTAL MENTHE BON APPETIT SAC 10*9*20G,Lait & Sucre,2150,SAKANAL,2026-03-11
SUCRE CRISTAL VANILLE BON APPETIT SAC 10*9*20G,Lait & Sucre,2106,SAKANAL,2026-03-11
SUCRE CRISTAL VANILLE BON APPETIT SAC 30*180G,Lait & Sucre,4975,SAKANAL,2026-03-11
LAIT EN POUDRE LACLAIT 100*22.5G,Lait & Sucre,9250,SAKANAL,2026-03-11
LAIT EN POUDRE BRIDEL 10*20G,Lait & Sucre,1375,SAKANAL,2026-03-11
LAIT BRIDEL ENTIER 50 CL,Lait & Sucre,920,SAKANAL,2026-03-11
SUCRE VANILLE GOURMET PAQUET DE 100 SACHETS,Lait & Sucre,1175,SAKANAL,2026-03-11
SUCRE CRISTAL MENTHE BON APPETIT 10*20G,Lait & Sucre,315,SAKANAL,2026-03-11
SUCRE VANILIA 100SACHETS,Lait & Sucre,1210,SAKANAL,2026-03-11
SUCRE CRISTAL MENTHE BON APPETIT SAC 30*180G,Lait & Sucre,4975,SAKANAL,2026-03-11
LAIT CANDIA 1/2 ECREME 1L,Lait & Sucre,1370,SAKANAL,2026-03-11
SUCRE BUCHETTE EDULCORANT SUCRIA X100SACHETS,Lait & Sucre,2725,SAKANAL,2026-03-11
LAIT EN POUDRE 500G POUR LAIT CAILLE,Lait & Sucre,1580,SAKANAL,2026-03-11
SUCRE EN POUDRE SKL 5KG,Lait & Sucre,3000,SAKANAL,2026-03-11
LAIT CONCENTRE NON SUCRE REFRAISH 170G,Lait & Sucre,325,SAKANAL,2026-03-11
LAIT VITALAIT LIQUIDE PM PACK 24*250ML,Lait & Sucre,10250,SAKANAL,2026-03-11
SUCRE CRISTAL VANILLE BON APPETIT 10*20G,Lait & Sucre,315,SAKANAL,2026-03-11
SUCRE CRISTAL VANILLE BON APPETIT 180G,Lait & Sucre,175,SAKANAL,2026-03-11
SUCRE CRISTAL MENTHE BON APPETIT 180G,Lait & Sucre,185,SAKANAL,2026-03-11
LAIT GLORIA XEWEUL POT 160G,Lait & Sucre,485,SAKANAL,2026-03-11
SUCRE EN MORCEAUX SOUKI GROSSE 5KG,Lait & Sucre,4845,SAKANAL,2026-03-11
SUCRE EN MORCEAUX BEGHIN SAY GROSSE 5KG,Lait & Sucre,5500,SAKANAL,2026-03-11
SUCRE BUCHETTE CSS 500G-100 STICKS,Lait & Sucre,1315,SAKANAL,2026-03-11
SUCRE ROUX LA PERRUCHE 750G,Lait & Sucre,3100,SAKANAL,2026-03-11
SUCRE EN MORCEAUX ST LOUIS GROSSE 5KG,Lait & Sucre,5500,SAKANAL,2026-03-11
LAIT NIDO DE CROISSANCE 900G,Lait & Sucre,5790,SAKANAL,2026-03-11
SUCRE DIABETIQUE COMPRIME SUSSLI 1200 STUCK,Lait & Sucre,1650,SAKANAL,2026-03-11
LAIT NIDO EN POUDRE FORTICROISSANCE 10*16G,Lait & Sucre,975,SAKANAL,2026-03-11
SUCRE GLACE PATISEN 500G,Lait & Sucre,1050,SAKANAL,2026-03-11
SUCRE GLACE PATISEN 1KG,Lait & Sucre,1580,SAKANAL,2026-03-11
SUCRE EN POUDRE SOUKI 1KG,Lait & Sucre,975,SAKANAL,2026-03-11
LAIT EN POUDRE BRIDEL 400G,Lait & Sucre,2106,SAKANAL,2026-03-11
LAIT EN POUDRE BRIDEL INST SACHET 100*20G,Lait & Sucre,13210,SAKANAL,2026-03-11
LAIT PRESIDENT ENTIER 1L,Lait & Sucre,2106,SAKANAL,2026-03-11
LAIT BRIDEL DEMI-ECREME 50CL,Lait & Sucre,1050,SAKANAL,2026-03-11
LAIT BRIDEL DEMI-ECREME 1L,Lait & Sucre,1995,SAKANAL,2026-03-11
LAIT BRIDEL ENTIER 1L BOUTEILLE,Lait & Sucre,2050,SAKANAL,2026-03-11
LAIT DE COCO SOFIA 400G,Lait & Sucre,1595,SAKANAL,2026-03-11
LAIT NIDO 2.5KG,Lait & Sucre,20790,SAKANAL,2026-03-11
LAIT NIDO 400G POT,Lait & Sucre,4060,SAKANAL,2026-03-11
LAIT NIDO DE CROISSANCE 400G,Lait & Sucre,3055,SAKANAL,2026-03-11
LAIT GLORIA EN POUDRE 370G,Lait & Sucre,2090,SAKANAL,2026-03-11
LAIT GLORIA 370G,Lait & Sucre,1370,SAKANAL,2026-03-11
SUCRE EN POUDRE SKL 1KG,Lait & Sucre,630,SAKANAL,2026-03-11
LAIT EN POUDRE LAICRAN 400G,Lait & Sucre,2275,SAKANAL,2026-03-11
LAIT LAICRAN ENTIER LIQUIDE 500ML,Lait & Sucre,950,SAKANAL,2026-03-11
LAIT EN POUDRE LAICRAN ECREME 100*20G,Lait & Sucre,13160,SAKANAL,2026-03-11
LAIT EN POUDRE LAICRAN 200G,Lait & Sucre,1270,SAKANAL,2026-03-11
LAIT EN POUDRE LAICRAN ECREME 10*20G,Lait & Sucre,1395,SAKANAL,2026-03-11
LAIT BRIDEL DEMI ECREME 25CL,Lait & Sucre,745,SAKANAL,2026-03-11
LAIT EN POUDRE LACLAIT 400G,Lait & Sucre,1580,SAKANAL,2026-03-11
LAIT EN POUDRE HALIB INST.100*22.5G,Lait & Sucre,10650,SAKANAL,2026-03-11
LAIT EN POUDRE HALIB INSTANTANE 400G,Lait & Sucre,2100,SAKANAL,2026-03-11
LAIT VITALAIT ROUGE PM,Lait & Sucre,475,SAKANAL,2026-03-11
LAIT VITALAIT ROUGE 500ML,Lait & Sucre,975,SAKANAL,2026-03-11
JET VANILLE 200ML,Lait & Sucre,410,SAKANAL,2026-03-11
LAIT CANDY UP VANILLE 200ML,Lait & Sucre,265,SAKANAL,2026-03-11
SUCRE EN POUDRE SOUKI 5KG,Lait & Sucre,4370,SAKANAL,2026-03-11
SUCRE EN POUDRE CSS BLANC 1KG,Lait & Sucre,975,SAKANAL,2026-03-11
SUCRE EN MORCEAUX CCS 1KG,Lait & Sucre,1100,SAKANAL,2026-03-11
SUCRE EN POUDRE CSS 5KG,Lait & Sucre,4370,SAKANAL,2026-03-11
SUCRE EN MORCEAUX MI PERLA 1KG,Lait & Sucre,1260,SAKANAL,2026-03-11
SUCRE EN MORCEAUX BEGHIN SAY 1KG,Lait & Sucre,1250,SAKANAL,2026-03-11
SUCRE GLACE 500G,Lait & Sucre,1790,SAKANAL,2026-03-11
SUCRE EN MORCEAUX IMPORTE BON APPETIT 5KG,Lait & Sucre,5210,SAKANAL,2026-03-11
LAIT CANDIA DEMI-ECREME 500ML,Lait & Sucre,875,SAKANAL,2026-03-11
SUCRE EN MORCEAUX CCS GROSSE DE 5KG,Lait & Sucre,4740,SAKANAL,2026-03-11
SUCRE EN MORCEAUX ST LOUIS 1KG,Lait & Sucre,1250,SAKANAL,2026-03-11
LAIT PRESIDENT 1/2 ECREME 1L,Lait & Sucre,2100,SAKANAL,2026-03-11
LAIT EN POUDRE HALIB 22.5G CHAPELET DE 10,Lait & Sucre,1055,SAKANAL,2026-03-11
LAIT EN POUDRE LAICRAN 20G CHAPELET DE 10,Lait & Sucre,1263,SAKANAL,2026-03-11
LAIT EN POUDRE LAICRAN ECREME 400G,Lait & Sucre,2106,SAKANAL,2026-03-11
SAC SUCRE EN POUDRE 50KG,Lait & Sucre,30265,SAKANAL,2026-03-11
SUCRE BICHETTE ST LOUIS 500G-100 STICKS,Lait & Sucre,2750,SAKANAL,2026-03-11
SUCRE EN MORCEAUX SOUKI 1KG,Lait & Sucre,1100,SAKANAL,2026-03-11
LAIT EN POUDRE 1KG POUR LAIT CAILLE,Lait & Sucre,3055,SAKANAL,2026-03-11
LAIT EN POUDRE 1KG POUR PETIT DEJEUNER,Lait & Sucre,2945,SAKANAL,2026-03-11
LAIT EN POUDRE 500G POUR PETIT DEJEUNER,Lait & Sucre,1475,SAKANAL,2026-03-11
SUCRE VANILLE VANOISE 5*6G,Lait & Sucre,175,SAKANAL,2026-03-11
RIZ DE LA VALLEE KAROLINA 100% BRISE 25KG,Riz,10000,SAKANAL,2026-03-11
RIZ DE LA VALLEE KAROLINA ENTIER 25KG,Riz,10525,SAKANAL,2026-03-11
RIZ DE LA VALLEE KAROLINA FINE BRISURE 25KG,Riz,11550,SAKANAL,2026-03-11
RIZ DE LA VALLEE KAROLINA ENTIER 5KG,Riz,3100,SAKANAL,2026-03-11
RIZ PARFUME LONG GRAIN BARA BARA MIRADOR 25KG,Riz,12630,SAKANAL,2026-03-11
RIZ PARFUME LONG GRAIN BASMATI 1KG,Riz,1900,SAKANAL,2026-03-11
50KG 100% BROWN FRAGRANT GOLDEN QUEEN RICE,Riz,24750,SAKANAL,2026-03-11
RIZ PARFUME ENTIER BARABARA AMINE 25KG,Riz,13685,SAKANAL,2026-03-11
RIZ PARFUME LONG GRAIN JASMINE C BON 5KG,Riz,5575,SAKANAL,2026-03-11
RIZ PARFUME LONG GRAIN BARA BARA ORIBA 25KG,Riz,14210,SAKANAL,2026-03-11
RIZ PARFUME ENTIER BARABARA 25KG,Riz,13425,SAKANAL,2026-03-11
RIZ DE LA VALLEE KAROLINA ENTIER 8*5KG,Riz,22950,SAKANAL,2026-03-11
RIZ PARFUME LONG GRAIN JASMINE KITCHEN KING 5KG,Riz,5370,SAKANAL,2026-03-11
RIZ PARFUME LONG GRAIN VIETNAMIEN LIBIDOR 5KG,Riz,5370,SAKANAL,2026-03-11
RIZ PARFUME DE LUXE 100% BRISE -THIOF 25KG,Riz,13580,SAKANAL,2026-03-11
RIZ PARFUME DE LUXE 100% BRISE-THIOF 50KG,Riz,24750,SAKANAL,2026-03-11
RIZ DE LA VALLEE KAROLINA 100% BRISE 1KG,Riz,425,SAKANAL,2026-03-11
RIZ ROYAL UMBRELLA BLEU PARFUME 100%BRISE 50KG,Riz,25790,SAKANAL,2026-03-11
RIZ ROYAL UMBRELLA BLEU PARFUME 100% BRISE 25KG,Riz,13690,SAKANAL,2026-03-11
CARTON HUILE DE SOJA BON APPETIT 4*5L,Huile,27400,SAKANAL,2026-03-11
HUILE DE TOURNESOL BONJOURNE 5L,Huile,8205,SAKANAL,2026-03-11
HUILE DE SOJA BON APPETIT 5L,Huile,7500,SAKANAL,2026-03-11
HUILE DE SOJA BON APPETIT 1L,Huile,1680,SAKANAL,2026-03-11
HUILE DE TOURNESOL LALIA 1L,Huile,1690,SAKANAL,2026-03-11
HUILE D'OLIVE BORGES EXTRA VIERGE 250ML,Huile,2250,SAKANAL,2026-03-11
HUILE D'OLIVE BOM DIA POMACE 1L,Huile,6750,SAKANAL,2026-03-11
HUILE DE TOURNESOL LALIA 5L,Huile,7895,SAKANAL,2026-03-11
HUILE DE TOURNESOL BELKIS 1L,Huile,1615,SAKANAL,2026-03-11
HUILE JAARA DOSETTE SEAU 18*250ML,Huile,9860,SAKANAL,2026-03-11
HUILE JAARA 1L,Huile,1715,SAKANAL,2026-03-11
HUILE DE TOURNESOL BON APPETIT 250ML,Huile,550,SAKANAL,2026-03-11
HUILE DE SOJA JADIDA 1L,Huile,1905,SAKANAL,2026-03-11
CARTON HUILE DE TOURNESOL BON APPETIT 12*1L,Huile,19475,SAKANAL,2026-03-11
HUILE DE TOURNESOL BON APPETIT 5L,Huile,8315,SAKANAL,2026-03-11
HUILE D'OLIVE HOJIBLANCA 50CL,Huile,8600,SAKANAL,2026-03-11
HUILE D'OLIVE HOJIBLANCA 25CL,Huile,4200,SAKANAL,2026-03-11
HUILE D'OLIVE HOJIBLANCA 1L,Huile,13000,SAKANAL,2026-03-11
HUILE DE TOURNESOL BON APPETIT 1L,Huile,1850,SAKANAL,2026-03-11
HUILE DE TOURNESOL EKLA 1L,Huile,1650,SAKANAL,2026-03-11
HUILE DE TOURNESOL BRINTO 5L,Huile,7895,SAKANAL,2026-03-11
HUILE D OLIVE POMACE KING OLIVO 250ML,Huile,2100,SAKANAL,2026-03-11
HOJIBLANCA HUILE D OLIVE 75CL,Huile,11215,SAKANAL,2026-03-11
HUILE D'OLIVE TERRA DELYSSA 1L,Huile,10000,SAKANAL,2026-03-11
HUILE DE SOJA JADIDA 5L,Huile,7490,SAKANAL,2026-03-11
HUILE LESSIEUR 5L,Huile,8740,SAKANAL,2026-03-11
HUILE JAARA 5L,Huile,8065,SAKANAL,2026-03-11
HUILE LESSIEUR 1L,Huile,1810,SAKANAL,2026-03-11
HUILE LESSIEUR 3L,Huile,4100,SAKANAL,2026-03-11
HUILE DE TOURNESOL CHEF AIDA 1L,Huile,1650,SAKANAL,2026-03-11
KANGOO 50 STICKS X10G,Petit Déjeuner,2000,DIARLE,2026-03-11
LAIT NIDO 900G,Petit Déjeuner,7250,DIARLE,2026-03-11
BEURRE SOFIA 500G,Petit Déjeuner,1175,DIARLE,2026-03-11
SUCOFIN,Petit Déjeuner,1750,DIARLE,2026-03-11
FROMAGE LA VACHE QUI RIT 8 PORTIONS,Petit Déjeuner,825,DIARLE,2026-03-11
CONFITURE BISSAP 370G,Petit Déjeuner,1150,DIARLE,2026-03-11
CAFE CARTE NOIRE EXPRESSO INTENSE,Petit Déjeuner,2990,DIARLE,2026-03-11
LAIT NIDO 400G,Petit Déjeuner,3525,DIARLE,2026-03-11
BEURRE SOFIA 1 KILO,Petit Déjeuner,2310,DIARLE,2026-03-11
FROMAGE MON TRIANGLE DE LAICRAN 24P,Petit Déjeuner,1925,DIARLE,2026-03-11
NESKUIK 250G,Petit Déjeuner,2150,DIARLE,2026-03-11
SUCRE EN POUDRE 1KL,Petit Déjeuner,590,DIARLE,2026-03-11
RIZ LIBIDOR LONG GRAIN 5KL,Riz,4999,DIARLE,2026-03-11
RIZ KAROLINA LONG GRAIN 50KL,Riz,22000,DIARLE,2026-03-11
RIZ ROYAL UMBRELLA 50KL,Riz,22500,DIARLE,2026-03-11
RIZ KAROLINA LONG GRAIN 25KL,Riz,9750,DIARLE,2026-03-11
RIZ ROYAL UMBRELLA 25KL,Riz,11500,DIARLE,2026-03-11
RIZ KAROLINA BRISE 50KL,Riz,22000,DIARLE,2026-03-11
RIZ LE PATRON 50KGS,Riz,24500,DIARLE,2026-03-11
RIZ KAROLINA BRISE 25KL,Riz,9750,DIARLE,2026-03-11
RIZ KAROLINA FINE BRISURE 25KG,Riz,11500,DIARLE,2026-03-11
RIZ LE PATRON 25KGS,Riz,12750,DIARLE,2026-03-11
RIZ RIXEL BRISURE 25KG,Riz,10900,DIARLE,2026-03-11
RIZ ROYAL SENEGAL LONG GRAIN 25KL,Riz,11250,DIARLE,2026-03-11
CARTON HUILE DE PALME BON APPETIT 4X5L,Huile,22450,DIARLE,2026-03-11
HUILE 20 LITRE,Huile,19500,DIARLE,2026-03-11
HUILE INCI 1L,Huile,1450,DIARLE,2026-03-11
HUILE JAARA 5L,Huile,6500,DIARLE,2026-03-11
HUILE D'OLIVE HOJIBLANCA 1L,Huile,12500,DIARLE,2026-03-11
HUILE NIINAL 60 DOSETTES DE 1/4L,Huile,23800,DIARLE,2026-03-11
"HUILE CHEF AIDA 0,50L",Huile,1490,DIARLE,2026-03-11
HUILE LESIEUR 3L,Huile,4250,DIARLE,2026-03-11
HUILE D'OLIVE HOJIBLANCA 50CL,Huile,7090,DIARLE,2026-03-11
HUILE NIANI D'ARACHIDE 1L,Huile,1465,DIARLE,2026-03-11
HUILE CHEF AIDA 24 X 250ML,Huile,8500,DIARLE,2026-03-11
HUILE LESIEUR 5L,Huile,6850,DIARLE,2026-03-11
DIW NIOR (BEURRE DE VACHE) 500G,Boissons,2000,DIARLE,2026-03-11
JUS DE COCO 520ML,Boissons,950,DIARLE,2026-03-11
CITRON DE LA CASAMANCE 50CL,Boissons,750,DIARLE,2026-03-11
COCA COLA 33CL,Boissons,300,DIARLE,2026-03-11
BLACK TEA NOUR,Boissons,2500,DIARLE,2026-03-11
EAU EVIAN 6X1.5L,Boissons,8990,DIARLE,2026-03-11
HUILE DE PALME (DIW TIR) 5L,Boissons,7750,DIARLE,2026-03-11
DIW NIOR (BEURRE DE VACHE) 1L,Boissons,3300,DIARLE,2026-03-11
JUS IRA 24 X 250ML,Boissons,7250,DIARLE,2026-03-11
"COCA COLA 6X1,5L",Boissons,4000,DIARLE,2026-03-11
JUS DE CITRON PUR 1L,Boissons,1450,DIARLE,2026-03-11
THE FLACHA 200G,Boissons,1550,DIARLE,2026-03-11
PATE D'ARACHIDE 500G,Pâtes Alimentaires,1100,DIARLE,2026-03-11
SPAGHETTI MAMAN 500G,Pâtes Alimentaires,500,DIARLE,2026-03-11
MOUHAMSA BRIO 500G,Pâtes Alimentaires,550,DIARLE,2026-03-11
MACARONI BLE D'OR 250G,Pâtes Alimentaires,300,DIARLE,2026-03-11
VERMICELLE BLE D'OR 500G,Pâtes Alimentaires,500,DIARLE,2026-03-11
PUREE DE POMME DE TERRE 4X115G,Pâtes Alimentaires,1390,DIARLE,2026-03-11
LA ROSE BLANCHE MBAMMAS ROND 500G,Pâtes Alimentaires,600,DIARLE,2026-03-11
PATE D'ARACHIDE 5KG,Pâtes Alimentaires,7850,DIARLE,2026-03-11
COUSCOUS RANDA FIN 1KL,Pâtes Alimentaires,950,DIARLE,2026-03-11
SPAGHETTI MAMAN 250G,Pâtes Alimentaires,250,DIARLE,2026-03-11
VERMICELLE MAMAN 500G,Pâtes Alimentaires,575,DIARLE,2026-03-11
LA ROSE BLANCHE CBORBA RIZ 250G,Pâtes Alimentaires,300,DIARLE,2026-03-11
AUBERGINE AMERE (DIAKHATOU) 1KL,"Fruits, Légumes & Viande",700,DIARLE,2026-03-11
COPY OF AUBERGINE AMERE (DIAKHATOU) 1KL,"Fruits, Légumes & Viande",375,DIARLE,2026-03-11
AUBERGINE 1 KILO,"Fruits, Légumes & Viande",700,DIARLE,2026-03-11
BETTERAVE 1 KILO,"Fruits, Légumes & Viande",1300,DIARLE,2026-03-11
COPY OF BETTERAVE 1 KILO,"Fruits, Légumes & Viande",600,DIARLE,2026-03-11
CAROTTE 1 KILO,"Fruits, Légumes & Viande",1000,DIARLE,2026-03-11
COPY OF CAROTTE 1 KILO,"Fruits, Légumes & Viande",475,DIARLE,2026-03-11
CELERI BRANCHE,"Fruits, Légumes & Viande",600,DIARLE,2026-03-11
CITRON VERT 1 KILO,"Fruits, Légumes & Viande",700,DIARLE,2026-03-11
COPY OF CITRON VERT 1 KILO,"Fruits, Légumes & Viande",350,DIARLE,2026-03-11
TABLETTE OEUF 24 PCS,Épices & Bouillons,3000,DIARLE,2026-03-11
ADJA AROME,Épices & Bouillons,675,DIARLE,2026-03-11
AROME AMORA,Épices & Bouillons,1200,DIARLE,2026-03-11
PETITS POIS AVRIL EXTRA FINS 800G,Épices & Bouillons,2000,DIARLE,2026-03-11
HARICOT ROUGE 800G,Épices & Bouillons,1399,DIARLE,2026-03-11
POIS CHICHES 400G,Épices & Bouillons,1200,DIARLE,2026-03-11
POIS CHICHES BONDUELLE 800G,Épices & Bouillons,1750,DIARLE,2026-03-11
PIMENT DE CAYENNE JAUNE 500G,Épices & Bouillons,1350,DIARLE,2026-03-11
PUREE DE PIMENT 240G,Épices & Bouillons,1600,DIARLE,2026-03-11
ESSENCE VANILLE 30ML,Épices & Bouillons,300,DIARLE,2026-03-11
COPY OF PIMENT DE CAYENNE JAUNE 500G,Épices & Bouillons,685,DIARLE,2026-03-11
OLIVES NOIRES DENOYAUTEES,Épices & Bouillons,9000,DIARLE,2026-03-11
NIEBE SEC GRIS 1KL,Produits Locaux,675,DIARLE,2026-03-11
FEUILLES DE KINKELIBA,Produits Locaux,250,DIARLE,2026-03-11
MIL PILE 1 KILO,Produits Locaux,750,DIARLE,2026-03-11
NGUER,Produits Locaux,250,DIARLE,2026-03-11
LENTILLE SEC 1KL,Produits Locaux,1400,DIARLE,2026-03-11
LENTILLE SEC 500G,Produits Locaux,675,DIARLE,2026-03-11
FARINE DE MIL (SOUGOUF) 400G,Produits Locaux,575,DIARLE,2026-03-11
ARACHIDE 500G,Produits Locaux,650,DIARLE,2026-03-11
ARACHIDE 1 KILO,Produits Locaux,1250,DIARLE,2026-03-11
BRISURE DE MAIS 500G,Produits Locaux,800,DIARLE,2026-03-11
NOFLAYE D'ARACHIDE 1KL,Produits Locaux,1350,DIARLE,2026-03-11
NOFLAYE D'ARACHIDE 500G,Produits Locaux,675,DIARLE,2026-03-11
JAMBON DE BOEUF 125G,Surgelés & Charcuterie,750,DIARLE,2026-03-11
CREMOR FRUITS DES BOIS & FRUITS EXOTIQUES 4X125G,Surgelés & Charcuterie,1125,DIARLE,2026-03-11
CREMOR NATURE 4X125G,Surgelés & Charcuterie,1125,DIARLE,2026-03-11
PATE A PIZZA 230G,Surgelés & Charcuterie,1950,DIARLE,2026-03-11
PATE BRISEE 230G,Surgelés & Charcuterie,1950,DIARLE,2026-03-11
FRITE LUTOSA 1 KILO,Surgelés & Charcuterie,2475,DIARLE,2026-03-11
FRESH CHEESE NATURAL LIGHT,Surgelés & Charcuterie,2025,DIARLE,2026-03-11
FRESH CHEESE HERBES ET EPICES,Surgelés & Charcuterie,1990,DIARLE,2026-03-11
ATTIEKE CONGELE 500G,Surgelés & Charcuterie,800,DIARLE,2026-03-11
FRITE GOLDEN RIVER 400G,Surgelés & Charcuterie,950,DIARLE,2026-03-11
MILKANA,Surgelés & Charcuterie,1700,DIARLE,2026-03-11
CREMOR NATURE SUCRE,Surgelés & Charcuterie,1125,DIARLE,2026-03-11
BOITE GATEAU 16CM,Boulangerie,220,DIARLE,2026-03-11
BOITES PATISSIERE 25CM,Boulangerie,250,DIARLE,2026-03-11
BOITE CARTON PATISSERIE 32CM,Boulangerie,300,DIARLE,2026-03-11
BOITE GATEAU 32X32CM,Boulangerie,450,DIARLE,2026-03-11
BOITE GATEAU 40X40CM,Boulangerie,850,DIARLE,2026-03-11
BOITE CARTON PIZZA 29CM,Boulangerie,150,DIARLE,2026-03-11
BOITE CARTON PIZZA 33CM,Boulangerie,160,DIARLE,2026-03-11
CARTON PIZZA H 260X260X35,Boulangerie,170,DIARLE,2026-03-11
SUPPORT GATEAU RECTANGULAIRES 32CM,Boulangerie,200,DIARLE,2026-03-11
SUPPORT GATEAU EN CARTON RECTANGULAIRES 32CM,Boulangerie,400,DIARLE,2026-03-11
SUPPORT GATEAU RONDS EN CARTON 16CM,Boulangerie,150,DIARLE,2026-03-11
SUPPORT GATEAU RONDS EN CARTON 28CM,Boulangerie,190,DIARLE,2026-03-11
MOUTARDE - REINE (370G),Rubrique 1,90000,LE CLUB,2026-03-11
MANGUE SÉCHÉE - OFRUTTI (100G),Rubrique 1,200000,LE CLUB,2026-03-11
ANANAS SÉCHÉE-OFRUTTI (75G),Rubrique 1,220000,LE CLUB,2026-03-11
BISCUITS AU MORINGA - LA MAISON DU GÂTEAU (100G),Rubrique 1,200000,LE CLUB,2026-03-11
PUZZLE DE SOL GÉANT CARTE AFRIQUE  (50 PIÈCES),Rubrique 1,1450000,LE CLUB,2026-03-11
BOUQUET DE FLEURS LOCALES - SÉNÉGAL FLEURS,Rubrique 1,2000000,LE CLUB,2026-03-11
SALADES FEUILLES DE CHÊNE VERTE (BOTTE) - SÉNÉGAL FLEURS,Rubrique 1,90000,LE CLUB,2026-03-11
SALADE FEUILLES DE CHÊNE ROUGE (BOTTE) - SÉNÉGAL FLEURS,Rubrique 1,90000,LE CLUB,2026-03-11
ORANGE TANGELO (1KG),Rubrique 1,130000,LE CLUB,2026-03-11
SAUCE PESTO PANZANI  (200G),Rubrique 1,320000,LE CLUB,2026-03-11
SAUCE PROVENÇALE PANZANI (425G),Rubrique 1,250000,LE CLUB,2026-03-11
CHAMPIGNONS ÉMINCÉS CONGELÉS (450G) PINGUIN,Rubrique 1,180000,LE CLUB,2026-03-11
LE P’TIT DÉJ ÉNERGIE,Rubrique 1,670000,LE CLUB,2026-03-11
LE TRIO ESSENTIEL,Rubrique 1,800000,LE CLUB,2026-03-11
"LAIT FRAIS 1/2 ÉCRÉMÉ (75CL), PACK DE 4",Rubrique 1,540000,LE CLUB,2026-03-11
PANIER TIOSSANE,Rubrique 1,470000,LE CLUB,2026-03-11
PANIER DIET,Rubrique 1,2000000,LE CLUB,2026-03-11
PANIER COSAAN,Rubrique 1,1000000,LE CLUB,2026-03-11
PANIER TERANGA,Rubrique 1,3000000,LE CLUB,2026-03-11
PANIER NDOGU,Rubrique 1,1500000,LE CLUB,2026-03-11
NUTELLA (750G),Rubrique 1,650000,LE CLUB,2026-03-11
ENTRÉE FESTIVE,Rubrique 1,1940000,LE CLUB,2026-03-11
POULET DE CHAIR ENTIER FUMÉ NATURE (650G) (X2),Rubrique 1,1650000,LE CLUB,2026-03-11
NESPRESSO ROMA,Rubrique 1,450000,LE CLUB,2026-03-11
CAPSULE CAFÉ TOUBA EXPRESSO - DIALIBATOU,Rubrique 1,320000,LE CLUB,2026-03-11
MADELEINES AU CITRON (8 PIÈCES),Rubrique 1,580000,LE CLUB,2026-03-11
SAUCISSES DE PORC AU FROMAGE (500G - 600G) - SENSA AGRI,Rubrique 1,680000,LE CLUB,2026-03-11
BREAKFAST SAUSAGE (440G) BEER-SHEBA,Rubrique 1,610000,LE CLUB,2026-03-11
EPUISÉ,Rubrique 1,120000,LE CLUB,2026-03-11
BROCHETTES DE POULET MARINÉS  500G  - SENSA AGRI,Rubrique 1,500000,LE CLUB,2026-03-11
CUISSES DE POULET DE CHAIR FUMÉ ÉPICÉ (640G)-GOURMÉA,Rubrique 1,600000,LE CLUB,2026-03-11
POULET DE CHAIR ENTIER FUMÉ NATURE (650G)-GOURMÉA,Rubrique 1,850000,LE CLUB,2026-03-11
DINDE (5.6-6.2KG),Rubrique 1,4350000,LE CLUB,2026-03-11
VIN GRIS GUERROUANE (75CL),Rubrique 1,360000,LE CLUB,2026-03-11
VIN BLANC - ROCHE MAZET,Rubrique 1,470000,LE CLUB,2026-03-11
VIN ROUGE - CAPE SPRING PINOTAGE,Rubrique 1,649500,LE CLUB,2026-03-11
PETIT BOUQUET DE FLEURS LOCALES - SÉNÉGAL FLEURS,Rubrique 1,1500000,LE CLUB,2026-03-11
TABLETTE DE CHOCOLAT NOIR (70G) - AFRO TERROIRS,Rubrique 1,370000,LE CLUB,2026-03-11
TABLETTE DE CHOCOLAT AU LAIT AUX ÉCLATS DE CAJOU CARAMÉLISÉS (70G),Rubrique 1,370000,LE CLUB,2026-03-11
LACTOFREE - FRESH CHEESE,Rubrique 1,210000,LE CLUB,2026-03-11
CARLIC & HERBS - LACTOFREE FRESH CHEESE,Rubrique 1,210000,LE CLUB,2026-03-11
CHIPS CROUSTILLANT DE MANGUE AU PAPRIKA (100G),Rubrique 1,200000,LE CLUB,2026-03-11
MANGUE SÉCHÉE PIMENTÉE - OFRUTTI 100G,Rubrique 1,200000,LE CLUB,2026-03-11
BANANE SÉCHÉE - OFRUTTI 100G,Rubrique 1,200000,LE CLUB,2026-03-11
CASAMANÇAISE EAU MINÉRALE GAZEUSE(PACK DE 6),Rubrique 1,420000,LE CLUB,2026-03-11
CAFÉ TOUBA DIALIBATOU PREMIUM 250G,Rubrique 1,320000,LE CLUB,2026-03-11
CAFÉ TOUBA DIALIBATOU CLASSIQUE 250 G,Rubrique 1,320000,LE CLUB,2026-03-11
MARINADE SALADE 120 G,Rubrique 1,210000,LE CLUB,2026-03-11
SAVON MAINS 490 ML - VEGAN,Rubrique 1,400000,LE CLUB,2026-03-11
"NETTOYANT SOLS ET PLANCHER 2,5L - VEGAN",Rubrique 1,500000,LE CLUB,2026-03-11
NETTOYANT À VITRES 710ML - VEGAN,Rubrique 1,350000,LE CLUB,2026-03-11
MULTI SURFACE 710ML - VEGAN,Rubrique 1,350000,LE CLUB,2026-03-11
NETTOYANT TOILETTE/CUVETTES 710ML - VEGAN,Rubrique 1,350000,LE CLUB,2026-03-11
NETTOYANT PUISSANT DÉGRAISSANT 710ML -VEGAN,Rubrique 1,350000,LE CLUB,2026-03-11
LIQUIDE VAISSELLE 710ML - VEGAN,Rubrique 1,350000,LE CLUB,2026-03-11
CHIPS DE MANGUE CROUSTILLANT AU SEL & POIVRE DE MADAGASCAR(100G),Rubrique 1,200000,LE CLUB,2026-03-11
CHIPS DE MANGUE CROUSTILLANT AU DOUCEUR DE PIMENT & GINGEMBRE (100G),Rubrique 1,200000,LE CLUB,2026-03-11
JUS D'ORANGE PRESSÉ (75CL),Rubrique 1,350000,LE CLUB,2026-03-11
PLATEAU DE SALADE,Rubrique 1,410000,LE CLUB,2026-03-11
JUS DE PAMPLEMOUSSE PRESSÉ (75CL),Rubrique 1,300000,LE CLUB,2026-03-11
YAOURT VANILLE DOLIMA (4.5KG),Rubrique 1,650100,LE CLUB,2026-03-11
YAOURT NATURE DOLIMA (4.5KG),Rubrique 1,550000,LE CLUB,2026-03-11
HUILE D'OLIVE HOJIBLANCA (25CL),Rubrique 1,590000,LE CLUB,2026-03-11
KETCHUP (280G) - AMORA,Rubrique 1,200000,LE CLUB,2026-03-11
VINAIGRE BLANC (50CL) - SAMIA,Rubrique 1,200000,LE CLUB,2026-03-11
PÂTE D'ARACHIDE - VÉRONIQUE'S PEANUTS (500G),Rubrique 1,295000,LE CLUB,2026-03-11
BRISURE DE MAÏS - 500G,Rubrique 1,130000,LE CLUB,2026-03-11
PURÉE DE PIMENT À L'AIL 100G,Rubrique 1,110000,LE CLUB,2026-03-11
SAUCE PIMENT CITRON VERT 100G,Rubrique 1,110000,LE CLUB,2026-03-11
BOUYE PASSION 1L,Rubrique 1,300000,LE CLUB,2026-03-11
BISSAP ROUGE MENTHE SANS SUCRE 1 L,Rubrique 1,220000,LE CLUB,2026-03-11
THÉ BISSAP GINGEMBRE MENTHE (20 SACHETS),Rubrique 1,300000,LE CLUB,2026-03-11
THÉ MORINGA GINGEMBRE MENTHE (20 SACHETS),Rubrique 1,300000,LE CLUB,2026-03-11
JUS MORINGA - 250ML,Rubrique 1,40000,LE CLUB,2026-03-11
MAMAN ÇA HYDRATE - SPRAY HYDRATANT -280ML) - YAAY AK DOM,Rubrique 1,500000,LE CLUB,2026-03-11
MAMAN ÇA POUSSE - HUILE LAVANTE CHEVEUX ET CORPS (80ML) - YAAY AK DOM,Rubrique 1,600000,LE CLUB,2026-03-11
MAMAN C'EST DOUX - 2 EN 1 LAIT CAPILLAIRE ET CORPOREL (280ML) - YAAY AK DOM,Rubrique 1,600000,LE CLUB,2026-03-11
MAMAN C'EST PROPRE - 2 EN 1 SHAMPOING ET GEL NETTOYANT (280ML) - YAAY AK DOM,Rubrique 1,500000,LE CLUB,2026-03-11
MAMAN C'EST DUVETEUX - CRÈME CHANTILLY CHEVEUX ET CORPS (250ML) - YAAY AK DOM,Rubrique 1,600000,LE CLUB,2026-03-11
MAMAN ÇA LAVE - HUILE LAVANTE ET BAIN D'HUILE,Rubrique 1,500000,LE CLUB,2026-03-11
POIVRE- YAYA ÉPICES (40G),Rubrique 1,50000,LE CLUB,2026-03-11
MIX ÉPICES VIANDES - YAYA ÉPICES (40G),Rubrique 1,50000,LE CLUB,2026-03-11
HERBES DE PROVENCE- YAYA ÉPICES (40G),Rubrique 1,50000,LE CLUB,2026-03-11
PAPRIKA - YAYA ÉPICES (40G),Rubrique 1,50000,LE CLUB,2026-03-11
ROMARIN- YAYA ÉPICES (40G),Rubrique 1,50000,LE CLUB,2026-03-11
GRANOLA BARRES CHOCOLAT X 6,Rubrique 1,500000,LE CLUB,2026-03-11
GRANOLA BARRES NATURE X 6,Rubrique 1,500000,LE CLUB,2026-03-11
MANGO PARADISE 250G,Rubrique 1,320000,LE CLUB,2026-03-11
JUS GINGEMBRE  SANS SUCRE - WELLI 1L,Rubrique 1,100000,LE CLUB,2026-03-11
JUS BOUYE CAROSSOL SANS SUCRE - WELLI 1L,Rubrique 1,100000,LE CLUB,2026-03-11
JUS BISSAP SANS SUCRE - WELLI 1L,Rubrique 1,100000,LE CLUB,2026-03-11
GRANOLA SWEET CHOCO (250G),Rubrique 1,390000,LE CLUB,2026-03-11
GRANOLA COCO LOVE (250G),Rubrique 1,320000,LE CLUB,2026-03-11
VINAIGRE COLORÉ,Rubrique 1,50000,LE CLUB,2026-03-11
BOUYE MENTHE,Rubrique 1,60000,LE CLUB,2026-03-11
AKKARA (10 PIÉCES),Rubrique 1,180000,LE CLUB,2026-03-11
BEIGNETS CREVETTE (10 PIÉCES),Rubrique 1,330000,LE CLUB,2026-03-11
DÉLICE MINI PIZZAS ( 10 PIÉCES),Rubrique 1,250000,LE CLUB,2026-03-11
BOUYE AU MIEL,Rubrique 1,60000,LE CLUB,2026-03-11
PAPRIKA FUMÉ (100G) - HAYFA,Rubrique 1,210000,LE CLUB,2026-03-11
PERSILLADE (100G) - HAYFA,Rubrique 1,210000,LE CLUB,2026-03-11
SEL ASSAISONNÉ (100G) - HAYFA,Rubrique 1,210000,LE CLUB,2026-03-11
SAUCISSES NATURES MAISON 100% BŒUF (200G),Rubrique 1,330000,LE CLUB,2026-03-11
SAUCISSES FUMÉES MAISON 100% BŒUF (200G),Rubrique 1,360000,LE CLUB,2026-03-11
RILLETTES DE CANARD (110G),Rubrique 1,930000,LE CLUB,2026-03-11
BLOC DE FOIE GRAS DE CANARD (110G),Rubrique 1,1470000,LE CLUB,2026-03-11
GRAINS DE MIL - THIAKRY (450G),Rubrique 1,95000,LE CLUB,2026-03-11
GRAINS DE MIL - SANKHAL (450G),Rubrique 1,95000,LE CLUB,2026-03-11
GRAINS DE MIL - ARRAW (450G),Rubrique 1,95000,LE CLUB,2026-03-11
CAFÉ TOUBA DIALIBATOU CLASSIQUE (500G ),Rubrique 1,550000,LE CLUB,2026-03-11
CAPSULE CAFÉ TOUBA  CLASSIC - DIALIBATOU,Rubrique 1,320000,LE CLUB,2026-03-11
THÉ JAMBAR  (15 PIÈCES),Rubrique 1,349900,LE CLUB,2026-03-11
THÉ FADJAR  (15 PIÈCES),Rubrique 1,350000,LE CLUB,2026-03-11
LAIT PROTÉINÉ FRAISE & FRAMBOISE (25G),Rubrique 1,160000,LE CLUB,2026-03-11
LAIT PROTÉINÉ VANILLE (25G) - ARLA,Rubrique 1,160000,LE CLUB,2026-03-11
LABNEH CREAM CHEESE (200G)-KOLIOS,Rubrique 1,290000,LE CLUB,2026-03-11
EMMENTAL TRANCHÉ (150G),Rubrique 1,200000,LE CLUB,2026-03-11
CANETTE BOUYE MORINGA,Rubrique 1,50000,LE CLUB,2026-03-11
CANETTE BISSAP ROUGE,Rubrique 1,50000,LE CLUB,2026-03-11
BLÉDINE 400 G BLÉ CACAO,Rubrique 1,350000,LE CLUB,2026-03-11
MADD PIMENT 400G - TROPISEN,Rubrique 1,195000,LE CLUB,2026-03-11
MADD NATURE 400G,Rubrique 1,195000,LE CLUB,2026-03-11
MANGO CHIPS,Rubrique 1,720000,LE CLUB,2026-03-11
COMBO VIANDE,Rubrique 1,1480000,LE CLUB,2026-03-11
CULOTTE MENSTRUELLE (TAILLE 42) - API AFRIQUE,Rubrique 1,1380000,LE CLUB,2026-03-11
CULOTTE MENSTRUELLE(TAILLE 44) - API AFRIQUE,Rubrique 1,1380000,LE CLUB,2026-03-11
CORBEILLE DE LINGETTES DÉMAQUILLANTES,Rubrique 1,510000,LE CLUB,2026-03-11
SAVON SABEL - 200G,Rubrique 1,750000,LE CLUB,2026-03-11
SAVON CAMÉLIA - 200G,Rubrique 1,750000,LE CLUB,2026-03-11
SAVON AFRICA - 200G,Rubrique 1,750000,LE CLUB,2026-03-11
"COLLECTION SALAT - ""APPRENDRE LA PRIÉRE EN S'AMUSANT""",Rubrique 1,750000,LE CLUB,2026-03-11
"COLLECTION KADDU - ASALI (39 EXPRESSIONS CI WOLOF, IN ENGLISH ET EN FRANÇAIS)",Rubrique 1,750000,LE CLUB,2026-03-11
TOTE BAG- PRINCESSE YENENGA,Rubrique 1,350000,LE CLUB,2026-03-11
TOTE BAG- NEFERTITI,Rubrique 1,350000,LE CLUB,2026-03-11
TOTE BAG -AMINA DE ZARIA,Rubrique 1,350000,LE CLUB,2026-03-11
TOTE BAG -NDATÉ YALLA MBODJ,Rubrique 1,350000,LE CLUB,2026-03-11
TOTE BAG - MIRIAM MAKEBA,Rubrique 1,350000,LE CLUB,2026-03-11
TOTE BAG - REINE HATSHEPSUT,Rubrique 1,350000,LE CLUB,2026-03-11
THÉ BISSAP CANNELLE CLOU DE GIRONFLE  (10 PIÉCES),Rubrique 1,350000,LE CLUB,2026-03-11
THÉ KINKÉLIBA CLOU DE GIRONFLE ( 10 PIÈCES),Rubrique 1,350000,LE CLUB,2026-03-11
"THÉ À EUCALYPTUS,MENTHE,THYM (10 PIÈCES)",Rubrique 1,350000,LE CLUB,2026-03-11
CANETTE BOUYE NATURE,Rubrique 1,70000,LE CLUB,2026-03-11
CANETTE BOUYE BISSAP ROUGE,Rubrique 1,70000,LE CLUB,2026-03-11
CACAHUÈTES GRILLÉES - VÉRONIQUE'S PEANUT  (1KG),Rubrique 1,470000,LE CLUB,2026-03-11
CONFITURE DE MANGUE PASSION (350G),Rubrique 1,295000,LE CLUB,2026-03-11
CONFITURE DE DITAKH (400G) -,Rubrique 1,250000,LE CLUB,2026-03-11
CONFITURE DE BISSAP ROUGE (400G),Rubrique 1,210000,LE CLUB,2026-03-11
CONFITURE DE TAMARIN (400G),Rubrique 1,250000,LE CLUB,2026-03-11
VINAIGRE BLANC,Rubrique 1,50000,LE CLUB,2026-03-11
PIMENT - YAYA ÉPICES (40G),Rubrique 1,50000,LE CLUB,2026-03-11
CHIPS AU NIÉBÉ,Rubrique 1,260000,LE CLUB,2026-03-11
BISCUITS AU GINGEMBRE - LA MAISON DU GÂTEAU (100G),Rubrique 1,250000,LE CLUB,2026-03-11
BISCUITS AUX NOISETTES DE CHOCOLAT,Rubrique 1,260000,LE CLUB,2026-03-11
PLANTAIN CHIPS - SALÉ (120G),Rubrique 1,170000,LE CLUB,2026-03-11
PLANTAIN CHIPS - SUCRÉ (120G),Rubrique 1,170000,LE CLUB,2026-03-11
POIVRONS JAUNE ET ROUGE (1KG),Rubrique 12,400000,LE CLUB,2026-03-11
CONCOMBRE (1/2KG),Rubrique 12,70000,LE CLUB,2026-03-11
CAROTTE LOCALE (1KG),Rubrique 12,80000,LE CLUB,2026-03-11
BETTERAVE (1/2KG),Rubrique 12,100000,LE CLUB,2026-03-11
PIMENT VERT ET JAUNE (100G),Rubrique 12,60000,LE CLUB,2026-03-11
PANIER DE LÉGUMES FAMILLE,Rubrique 12,1120000,LE CLUB,2026-03-11
TOMATE RONDE (1/2KG),Rubrique 12,80000,LE CLUB,2026-03-11
PANIER DE LÉGUMES DUO,Rubrique 12,810000,LE CLUB,2026-03-11
TOMATE OLIVETTE (1/2KG),Rubrique 12,80000,LE CLUB,2026-03-11
HARICOT VERT (1/2 KG),Rubrique 12,80000,LE CLUB,2026-03-11
AIL (250G),Rubrique 12,100000,LE CLUB,2026-03-11
POMMES DE TERRE (1KG),Rubrique 12,80000,LE CLUB,2026-03-11
POIVRON VERT (1/2KG),Rubrique 12,89800,LE CLUB,2026-03-11
OIGNON (1 KG),Rubrique 12,80000,LE CLUB,2026-03-11
"PATATE DOUCE ""CHAIR BLANCHE"" (1KG)",Rubrique 12,130000,LE CLUB,2026-03-11
CHOU BLANC (1KG),Rubrique 12,99900,LE CLUB,2026-03-11
GOMBO (1/2KG),Rubrique 12,60000,LE CLUB,2026-03-11
NAVET (1/2KG),Rubrique 12,20000,LE CLUB,2026-03-11
AUBERGINE (1/2KG),Rubrique 12,50000,LE CLUB,2026-03-11
COURGE BUTTERNUT  (PIÈCE),Rubrique 12,70000,LE CLUB,2026-03-11
MANIOC (1KG),Rubrique 12,89900,LE CLUB,2026-03-11
PIMENT JALAPEÑO  (250G),Rubrique 12,110000,LE CLUB,2026-03-11
"CORIANDRE ""PERSIL CHINOIS"" (BOTTE)",Rubrique 12,39900,LE CLUB,2026-03-11
CAROTTE TAF TAF (300 G)- EDENLY,Rubrique 12,250000,LE CLUB,2026-03-11
CROC SALADE (50G) - EDENLY,Rubrique 12,280000,LE CLUB,2026-03-11
MIX BABY KALE,Rubrique 12,460000,LE CLUB,2026-03-11
PERSIL FRISÉ (BOTTE),Rubrique 12,70000,LE CLUB,2026-03-11
SALADE MESCLUN (90G) - EDENLY,Rubrique 12,350000,LE CLUB,2026-03-11
BATAVIA (50G)-EDENLY,Rubrique 12,130000,LE CLUB,2026-03-11
SALADE MESCLUN (50G)-EDENLY,Rubrique 12,250000,LE CLUB,2026-03-11
MÉLI MÉLO (300 G )- EDENLY,Rubrique 12,250000,LE CLUB,2026-03-11
SALADE BATAVIA VERTE (BOTTE) - SÉNÉGAL FLEURS,Rubrique 12,80000,LE CLUB,2026-03-11
ROQUETTE SAUVAGE,Rubrique 12,370000,LE CLUB,2026-03-11
POIREAU (500G),Rubrique 12,279900,LE CLUB,2026-03-11
PERSIL PLAT (BOTTE),Rubrique 12,69900,LE CLUB,2026-03-11
ROQUETTE (BARQUETTE),Rubrique 12,150000,LE CLUB,2026-03-11
ÉPINARD (250G),Rubrique 12,60000,LE CLUB,2026-03-11
SWISS CHARD (BOTTE) - BIO*,Rubrique 12,460000,LE CLUB,2026-03-11
KALE RED RUSSIAN (BOTTE) - BIO*,Rubrique 12,460000,LE CLUB,2026-03-11
CURLY KALE ''CHOU FRISÉ'' (BOTTE) - BIO*,Rubrique 12,460000,LE CLUB,2026-03-11
"COLLARD GREENS ""CHOU VERT"" (BOTTE) BIO*",Rubrique 12,460000,LE CLUB,2026-03-11
KALE TOSCANO ''CHOU NOIR'' (BOTTE) - BIO*,Rubrique 12,460000,LE CLUB,2026-03-11
DATTES  (400G),Rubrique 12,100000,LE CLUB,2026-03-11
MELON GOANA (PIÈCE),Rubrique 12,270000,LE CLUB,2026-03-11
PASTÈQUE,Rubrique 12,150000,LE CLUB,2026-03-11
POMMES ROUGE  (1KG),Rubrique 12,290000,LE CLUB,2026-03-11
BANANE IMPORTÉE (1KG),Rubrique 12,100000,LE CLUB,2026-03-11
CLÉMENTINE IMPORTÉE  (1KG),Rubrique 12,260000,LE CLUB,2026-03-11
AVOCAT NON MÛR (1KG),Rubrique 12,450000,LE CLUB,2026-03-11
ORANGE IMPORTÉE (1KG),Rubrique 12,240000,LE CLUB,2026-03-11
ANANAS (PIÈCE),Rubrique 12,220000,LE CLUB,2026-03-11
CITRON LOCAL (1/2KG),Rubrique 12,140000,LE CLUB,2026-03-11
PAMPLEMOUSSE (1KG),Rubrique 12,130000,LE CLUB,2026-03-11
POIRE VERTE (1KG),Rubrique 12,380000,LE CLUB,2026-03-11
KIWI VERT (1/2KG),Rubrique 12,329800,LE CLUB,2026-03-11
POMMES VERTE (1KG),Rubrique 12,270000,LE CLUB,2026-03-11
MELON LOCAL CHARENTAIS (PIÈCE),Rubrique 12,250000,LE CLUB,2026-03-11
TVP (VIANDE DE SOJA) - ROWENA (300G),Rubrique 10,250000,LE CLUB,2026-03-11
TOFU ORGANIC (500G) - ROWENA,Rubrique 10,310000,LE CLUB,2026-03-11
LAIT D'AMANDE SANS SUCRE - DON SIMON (1L),Rubrique 10,240000,LE CLUB,2026-03-11
LAIT DE SOJA NATURE - DON SIMON (1L),Rubrique 10,190000,LE CLUB,2026-03-11
MOZZARELLA (150G),Rubrique 10,230000,LE CLUB,2026-03-11
GOUDA TRANCHÉ (150G),Rubrique 10,230000,LE CLUB,2026-03-11
CHEDDAR TRANCHÉ (150G),Rubrique 10,250000,LE CLUB,2026-03-11
HALLOUM GRILLÉ (200G)-KOLIOS,Rubrique 10,470000,LE CLUB,2026-03-11
OEUFS FRAIS (X6),Rubrique 10,69000,LE CLUB,2026-03-11
BEURRE (200G) - BOCAGE,Rubrique 10,120000,LE CLUB,2026-03-11
OEUFS FRAIS (X30),Rubrique 10,360000,LE CLUB,2026-03-11
CREAM CHEESE NATURE LIGHT (200G),Rubrique 10,210000,LE CLUB,2026-03-11
CREAM CHEESE NATURE (200G),Rubrique 10,210000,LE CLUB,2026-03-11
LURPAK BEURRE DEMI SALÉ (200G),Rubrique 10,250000,LE CLUB,2026-03-11
LURPAK BEURRE DOUX (200G),Rubrique 10,260000,LE CLUB,2026-03-11
OEUFS FRAIS (X15),Rubrique 10,180000,LE CLUB,2026-03-11
OEUFS FRAIS BIO (X15) - BEERSHEBA,Rubrique 10,360000,LE CLUB,2026-03-11
LAIT CAILLÉ NATURE (SOOW PIIR) 1KG - DOLIMA,Rubrique 10,230000,LE CLUB,2026-03-11
CRÈME DESSERT  CHOCOLAT (125G),Rubrique 10,60000,LE CLUB,2026-03-11
YAOURT NATURE DOLIMA (1KG),Rubrique 10,180000,LE CLUB,2026-03-11
CRÈME DESSERT  VANILLE (125G),Rubrique 10,60000,LE CLUB,2026-03-11
YAOURT VANILLE DOLIMA (1KG),Rubrique 10,180000,LE CLUB,2026-03-11
PANIER CRÈME DESSERT VANILLE,Rubrique 10,230000,LE CLUB,2026-03-11
PANIER MIX TIOSSANE,Rubrique 10,990000,LE CLUB,2026-03-11
YAOURTS MIX - PACK DE 12,Rubrique 10,710000,LE CLUB,2026-03-11
PANIER 100% TIOSSANE,Rubrique 10,600000,LE CLUB,2026-03-11
YAOURT FRAISE (125G),Rubrique 10,60000,LE CLUB,2026-03-11
YAOURT ABRICOT (125G),Rubrique 10,60000,LE CLUB,2026-03-11
YAOURT COCO (125G),Rubrique 10,60000,LE CLUB,2026-03-11
YAOURT MANGUE (125G),Rubrique 10,60000,LE CLUB,2026-03-11
YAOURT NATURE (125G),Rubrique 10,60000,LE CLUB,2026-03-11
YAOURT VANILLE (125G),Rubrique 10,60000,LE CLUB,2026-03-11
LAIT FRAIS PASTEURISÉ (75CL),Rubrique 10,150000,LE CLUB,2026-03-11
PANIER CRÈME DESSERT CHOCOLAT,Rubrique 10,230000,LE CLUB,2026-03-11
CREVETTES ENTIÉRES - 500G,Rubrique 11,390000,LE CLUB,2026-03-11
ROUGET ENTIER VIDÉ/GRATTÉ - 500G,Rubrique 11,230000,LE CLUB,2026-03-11
GAMBAS ENTIÈRE (500G) - LE PÊCHEUR,Rubrique 11,420000,LE CLUB,2026-03-11
COCKTAIL DE FRUITS DE MER (300G)- LE PÊCHEUR,Rubrique 11,380000,LE CLUB,2026-03-11
STEAK DE THON (300G) - LA MARÉE,Rubrique 11,340000,LE CLUB,2026-03-11
BLANC DE SEICHE (500G) - LA MARÉE,Rubrique 11,590000,LE CLUB,2026-03-11
DARNE DE BARRACUDA (500G) - LA MARÉE,Rubrique 11,450000,LE CLUB,2026-03-11
CREVETTES DÉCORTIQUÉES  (500G) - LE PÊCHEUR,Rubrique 11,460000,LE CLUB,2026-03-11
MORCEAUX DE PORC ( 500G) - SENSA AGRI,Rubrique 11,540000,LE CLUB,2026-03-11
JAMBON DE PORC -BEER-SHEBA (100G),Rubrique 11,400000,LE CLUB,2026-03-11
SAUCISSE DE PORC CUMBERLAND (500G) - SENSA AGRI,Rubrique 11,540000,LE CLUB,2026-03-11
CÔTES DE PORC - (PORK SHOPS) 500G - SENSA AGRI,Rubrique 11,499800,LE CLUB,2026-03-11
PORC HACHÉ (500G) BEER-SHEBA,Rubrique 11,650000,LE CLUB,2026-03-11
SAUCISSES ITALIENNES BIO (500-600G) BEER-SHEBA,Rubrique 11,790000,LE CLUB,2026-03-11
SAUCISSES BRATWURST (500-600G) BEER-SHEBA,Rubrique 11,790000,LE CLUB,2026-03-11
VIANDE HACHÉE - (PURE BOEUF) 500G - SENSA AGRI,Rubrique 11,570000,LE CLUB,2026-03-11
CUBES DE BOEUF (500G)- SENSA AGRI,Rubrique 11,570000,LE CLUB,2026-03-11
BOULETTES DE VIANDE DE BOEUF (500G) - SENSA AGRI,Rubrique 11,570000,LE CLUB,2026-03-11
STEAK HACHÉ BIO (500G) BEER-SHEBA,Rubrique 11,709900,LE CLUB,2026-03-11
BOEUF SÉCHÉ BIO (30G) BEER-SHEBA,Rubrique 11,270000,LE CLUB,2026-03-11
STEAKS HACHÉS AUX OIGNONS BIO (500G) - BEER-SHEBA,Rubrique 11,650000,LE CLUB,2026-03-11
CÔTELETTES DE BOEUF NATURE (500G - 600G) - SENSA AGRI,Rubrique 11,539800,LE CLUB,2026-03-11
STEAKS DE BOEUF BURGER ÉPICÉS  500G  - SENSA AGRI,Rubrique 11,640000,LE CLUB,2026-03-11
SAUCISSES DE BOEUF CHAKALAKA- BEEF SAUSAGE (500G) - SENSA AGRI,Rubrique 11,570000,LE CLUB,2026-03-11
SAUCISSETTES DE BŒUF BIO (440G) BEER-SHEBA,Rubrique 11,610000,LE CLUB,2026-03-11
BŒUF HACHÉ BIO (500G) BEER-SHEBA,Rubrique 11,710000,LE CLUB,2026-03-11
MERGUEZ DE BOEUF BIO (440G) BEER-SHEBA,Rubrique 11,650000,LE CLUB,2026-03-11
"POULET TER'HAL - 1,7KG",Rubrique 11,510000,LE CLUB,2026-03-11
HAUT DE CUISSES DE POULET BIO (500-600G)  BEER-SHEBA,Rubrique 11,720000,LE CLUB,2026-03-11
POULET DE CHAIR BIO (1.4 - 1.5KG) BEER-SHEBA,Rubrique 11,720000,LE CLUB,2026-03-11
AILES DE POULET  (600-700G) - BEERSHEBA,Rubrique 11,420000,LE CLUB,2026-03-11
PILONS DE POULET (500G - 600G) - SENSA AGRI,Rubrique 11,290000,LE CLUB,2026-03-11
POULET DE CHAIR BEER-SHEBA (1.9 - 2KG) -,Rubrique 11,900000,LE CLUB,2026-03-11
HAUT DE CUISSES DE POULET (1KG) - TER'HAL,Rubrique 11,330000,LE CLUB,2026-03-11
BLANC DE POULET (1KG) - TER'HAL,Rubrique 11,550000,LE CLUB,2026-03-11
SAUCISSETTES DE POULET FERMIÈRES BIO (440G) BEER-SHEBA,Rubrique 11,610000,LE CLUB,2026-03-11
BLANC DE POULET BIO (600-700G) BEER-SHEBA,Rubrique 11,980000,LE CLUB,2026-03-11
PILONS DE POULET BIO (500-600G) BEER-SHEBA,Rubrique 11,550000,LE CLUB,2026-03-11
CUISSES DE POULET BIO (700 - 800G) BEER-SHEBA,Rubrique 11,660000,LE CLUB,2026-03-11
BACON DE PORC BEER-SHEBA (100G),Rubrique 11,360000,LE CLUB,2026-03-11
GAMBAS DÉCORTIQUÉES (300G)- LE PÊCHEUR,Rubrique 11,470000,LE CLUB,2026-03-11
BANANA BREAD (550G),Rubrique 6,570000,LE CLUB,2026-03-11
COOKIES CROUSTILLANT AUX PÉPITES DE CHOCOLAT (250G),Rubrique 6,500000,LE CLUB,2026-03-11
BISCOTTE DE PAIN AU LEVAIN COMPLET (450G),Rubrique 6,320000,LE CLUB,2026-03-11
BISCOTTE DE BRIOCHE (375G),Rubrique 6,390000,LE CLUB,2026-03-11
PAINS AU LAIT AU LEVAIN AU CHOCOLAT (40G) (6 PIÈCES),Rubrique 6,360000,LE CLUB,2026-03-11
PAINS AU LAIT AU LEVAIN (40G) (6 PIÈCES),Rubrique 6,290000,LE CLUB,2026-03-11
PAIN AU RAISIN (X6),Rubrique 6,710000,LE CLUB,2026-03-11
CHOCOLATINE (X6),Rubrique 6,640000,LE CLUB,2026-03-11
BRIOCHE (600G),Rubrique 6,540000,LE CLUB,2026-03-11
CROISSANT (X6),Rubrique 6,570000,LE CLUB,2026-03-11
CROISSANT (X2) CHOCOLATINE (X2 ) PAIN AU RAISIN (X2),Rubrique 6,640000,LE CLUB,2026-03-11
PAIN BURGER (155G) (4 PIÈCES),Rubrique 6,330000,LE CLUB,2026-03-11
BAGEL SÉSAME & MIEL (135G) (4 PIÈCES),Rubrique 6,330000,LE CLUB,2026-03-11
PAIN AU LEVAIN TRANCHÉ (750G),Rubrique 6,290000,LE CLUB,2026-03-11
PAIN DE MIE COMPLET AU LEVAIN (850G),Rubrique 6,290000,LE CLUB,2026-03-11
PAIN DE MIE AU LEVAIN (850G),Rubrique 6,290000,LE CLUB,2026-03-11
PAIN AU LEVAIN ENTIER (750G),Rubrique 6,290000,LE CLUB,2026-03-11
SAUCE CHAKCHOUKA (350G),Rubrique 13,380000,LE CLUB,2026-03-11
PESTO BROCCOLI & ANCHOIS (212 ML) - ZUCCATO,Rubrique 13,610000,LE CLUB,2026-03-11
PURÉE DE TOMATES (660G) - LA RUSSOLILLO,Rubrique 13,220000,LE CLUB,2026-03-11
VINAIGRE BALSAMIQUE (500ML) - ANTICO CASALE DI MODENA,Rubrique 13,540000,LE CLUB,2026-03-11
OLIVES VERTES (360G) - ZUCCATO,Rubrique 13,400000,LE CLUB,2026-03-11
GOUSSES D'AIL (190G) - ZUCCATO,Rubrique 13,430000,LE CLUB,2026-03-11
TOMATES CERISES (400G) - TAGLIAMONTE,Rubrique 13,170000,LE CLUB,2026-03-11
GNOCCHIS DI PATATE (500G) - CIEMME,Rubrique 13,230000,LE CLUB,2026-03-11
RISOTTO MILLANESE (175G) - CASARINALDI,Rubrique 13,300000,LE CLUB,2026-03-11
SPAGHETTI GROSSI QUADRATI (500G) - RUMMO,Rubrique 13,220000,LE CLUB,2026-03-11
PENNE RIGATE (500G) - RUMMO,Rubrique 13,220000,LE CLUB,2026-03-11
RIGATONI (500G) - RUMMO,Rubrique 13,220000,LE CLUB,2026-03-11
SPAGHETTI ALLA CHITARRA (500G) - RUMMO,Rubrique 13,220000,LE CLUB,2026-03-11
RUOTE (500G) - GAROFALO,Rubrique 13,220000,LE CLUB,2026-03-11
KOMBUCHA BISSAP  (33CL)- KALAO,Rubrique 13,250000,LE CLUB,2026-03-11
KOMBUCHA VERVEINE ET CITRONNELLE - KALAO (33CL),Rubrique 13,250000,LE CLUB,2026-03-11
KOMBUCHA VERVEINE ET CITRONNELLE (65CL) - KALAO,Rubrique 13,420000,LE CLUB,2026-03-11
KOMBUCHA BISSAP (65CL) - KALAO,Rubrique 13,420000,LE CLUB,2026-03-11
BIÈRE KALAO AFRICAN QUEEN,Rubrique 13,240000,LE CLUB,2026-03-11
BIÈRE KALAO PINK LAKE,Rubrique 13,240000,LE CLUB,2026-03-11
BIÈRE KALAO LA DAKAROISE,Rubrique 13,240000,LE CLUB,2026-03-11
BIÈRE KALAO IPA FRIKA,Rubrique 13,240000,LE CLUB,2026-03-11
BIÈRE KALAO KARAPID,Rubrique 13,240000,LE CLUB,2026-03-11
BIÈRE KASOGHO - 33 CL,Rubrique 13,240000,LE CLUB,2026-03-11
POT DE SUCRE EN POUDRE (500G),Rubrique 13,50000,LE CLUB,2026-03-11
POT DE RIZ ÉTUVÉ LOCAL (500G),Rubrique 13,50000,LE CLUB,2026-03-11
POT DE FLOCONS D'AVOINE (250G),Rubrique 13,70000,LE CLUB,2026-03-11
GÉLULES DE MORINGA (60 GÉLULES) - MAAM NATURE,Rubrique 13,570000,LE CLUB,2026-03-11
LAIT PROTÉINÉ CHOCOLAT (25G) -,Rubrique 13,200000,LE CLUB,2026-03-11
QUICKER OATS (500G),Rubrique 13,180000,LE CLUB,2026-03-11
OTIKIDS (350G),Rubrique 13,220000,LE CLUB,2026-03-11
OTISPORT (350G),Rubrique 13,250000,LE CLUB,2026-03-11
OTIVA (350G),Rubrique 13,250000,LE CLUB,2026-03-11
NUTRIMASS - CHOCOLAT (240G),Rubrique 13,830000,LE CLUB,2026-03-11
CAJOU CHOCOLAT- 100G,Rubrique 13,300000,LE CLUB,2026-03-11
BEURRE DE CAJOU - 300G,Rubrique 13,500000,LE CLUB,2026-03-11
CONFITURE ORANGE CAJOU 380 G,Rubrique 13,300000,LE CLUB,2026-03-11
CONFITURE DE PAMPLEMOUSSE (380G),Rubrique 13,300000,LE CLUB,2026-03-11
CAJOU GINGEMBRE (150G),Rubrique 13,300000,LE CLUB,2026-03-11
BOUYE NATURE,Rubrique 13,60000,LE CLUB,2026-03-11
NUTELLA (350G),Rubrique 13,410000,LE CLUB,2026-03-11
TABLETTE DE CHOCOLAT NOIR AUX ÉCLATS DE CAJOU CARAMÉLISÉS (70G) - AFRO TERROIRS,Rubrique 13,369900,LE CLUB,2026-03-11
TABLETTE DE CHOCOLAT NOIR AUX ÉCLATS DE COCO CARAMÉLISÉS (70G) - AFRO TERROIRS,Rubrique 13,370000,LE CLUB,2026-03-11
TABLETTE DE CHOCOLAT AU LAIT AUX ÉCLATS DE COCO CARAMÉLISÉS (70G) - AFRO TERROIRS,Rubrique 13,370000,LE CLUB,2026-03-11
BONBON BISSAP - MAAM NATURE (120G),Rubrique 13,220000,LE CLUB,2026-03-11
NOUGATS DE CAJOU MIEL & MORINGA (150G),Rubrique 13,250000,LE CLUB,2026-03-11
CONSERVE DE MANGUE (50CL),Rubrique 13,220000,LE CLUB,2026-03-11
MÉLANGE DE FRUITS SECS (250G),Rubrique 13,390000,LE CLUB,2026-03-11
MIEL DE PALÉTUVIER (450G),Rubrique 13,480000,LE CLUB,2026-03-11
LAICRAN (400G),Rubrique 13,250000,LE CLUB,2026-03-11
BONBON BOUYE - MAAM NATURE (120G),Rubrique 13,220000,LE CLUB,2026-03-11
SUCRE EN MORCEAUX SAINT LOUIS (1KG),Rubrique 13,160000,LE CLUB,2026-03-11
MAÏS DOUX (300G),Rubrique 13,115000,LE CLUB,2026-03-11
PASTEL AU POISSON PRÉCUITS (10 PIÈCES),Rubrique 13,310000,LE CLUB,2026-03-11
VIANDE SÉCHÉE DE BOEUF (100G) - SENSA AGRI,Rubrique 13,580000,LE CLUB,2026-03-11
TOMATES CONCASSÉES (400G) - MUTTI,Rubrique 13,160000,LE CLUB,2026-03-11
POIS CHICHES (400G)-AVRIL,Rubrique 13,130000,LE CLUB,2026-03-11
LENTILLES PRÉPARÉES (400G)-AVRIL,Rubrique 13,130000,LE CLUB,2026-03-11
TAGLIATELLES AUX OEUFS FRAIS (450G),Rubrique 13,500000,LE CLUB,2026-03-11
VERMICELLES (500G) - PANZANI,Rubrique 13,130000,LE CLUB,2026-03-11
MIETTES DE THON À L'HUILE - SOFIA (140G),Rubrique 13,110000,LE CLUB,2026-03-11
PETITS POIS EXTRA FINS (400G) - AVRIL,Rubrique 13,150000,LE CLUB,2026-03-11
HUILE D'OLIVE HOJIBLANCA (75CL),Rubrique 13,1030000,LE CLUB,2026-03-11
LA BALEINE SEL FIN SALIÈRE (250G),Rubrique 13,100000,LE CLUB,2026-03-11
RIZ BASMATI (1KG),Rubrique 13,200000,LE CLUB,2026-03-11
CHIPS DE MORINGA - MAAM NATURE (120G),Rubrique 13,220000,LE CLUB,2026-03-11
"PM
									BEURRE DE KARITE",Utiles,3000,TONGTONG,2026-03-11
"20PCS
									20 CEEP/GONGOLI",Utiles,1000,TONGTONG,2026-03-11
"BOUQUET
									NEBEDAY/ MORINGUA",Utiles,400,TONGTONG,2026-03-11
"SACHET
									FEUILLE DE COROSSOL",Utiles,750,TONGTONG,2026-03-11
"100G
									100G DE LAURIERS FEUILLES",Utiles,550,TONGTONG,2026-03-11
"SACHET
									POUDRE DE HENNÉ",Utiles,500,TONGTONG,2026-03-11
"PQT
									PAQUET KEL",Utiles,500,TONGTONG,2026-03-11
"SACHET
									FEUILLE DE MANGUE",Utiles,300,TONGTONG,2026-03-11
"POT
									BISSAP BLANC",Utiles,900,TONGTONG,2026-03-11
"1 KG
									KG GINGEMBRE",Utiles,2000,TONGTONG,2026-03-11
"500ML
									500ML MIEL",Utiles,3000,TONGTONG,2026-03-11
"SACHET
									SACHET NEPNEP",Utiles,300,TONGTONG,2026-03-11
"SACHET
									SACHET EUCALYPTUS",Utiles,500,TONGTONG,2026-03-11
"POT
									200G BISSAP ROUGE",Utiles,1200,TONGTONG,2026-03-11
"200G
									200G CLOU DE GIROFLES",Utiles,2000,TONGTONG,2026-03-11
"PM
									TOULOUCOUNA PM",Utiles,600,TONGTONG,2026-03-11
"1 KG
									1KG BOUYE EN GRAINS",Utiles,1580,TONGTONG,2026-03-11
"SACHET
									FEUILLE DE NGUER",Utiles,600,TONGTONG,2026-03-11
"SACHET
									KINKELIBA",Utiles,200,TONGTONG,2026-03-11
CHEWING GUMS SANS SUCRE À LA MENTHE POIVRÉE,Biscuits & Chips,2500,TAFTAF,2026-03-11
BARRE GLACÉE TWIX,Biscuits & Chips,1000,TAFTAF,2026-03-11
BARRE GLACÉE BOUNTY,Biscuits & Chips,1000,TAFTAF,2026-03-11
BARRE GLACÉE MARS,Biscuits & Chips,1000,TAFTAF,2026-03-11
BARRES GLACÉES TWIX (BOÎTE DE 6),Biscuits & Chips,4500,TAFTAF,2026-03-11
BARRES GLACÉES BOUNTY (BOÎTE DE 6),Biscuits & Chips,4500,TAFTAF,2026-03-11
BARRES GLACÉES MARS (BOÎTE DE 6),Biscuits & Chips,4500,TAFTAF,2026-03-11
BÂTONNET MACADAMIA NUT BRITTLE,Biscuits & Chips,1500,TAFTAF,2026-03-11
BÂTONNET VANILLE-CARAMEL-AMANDE,Biscuits & Chips,1500,TAFTAF,2026-03-11
BÂTONNET CHOCOLATE CHOC ALMOND,Biscuits & Chips,1500,TAFTAF,2026-03-11
CORNETTO VANILLE,Biscuits & Chips,1500,TAFTAF,2026-03-11
CORNETTO CHOCOLAT,Biscuits & Chips,1500,TAFTAF,2026-03-11
MAGNUM MINI ALMOND,Biscuits & Chips,1000,TAFTAF,2026-03-11
MAGNUM MINI CLASSIC,Biscuits & Chips,1000,TAFTAF,2026-03-11
WHITE CHOCOLATE & COOKIES,Biscuits & Chips,3500,TAFTAF,2026-03-11
SORBETS OASIS TROPICAL,Biscuits & Chips,5500,TAFTAF,2026-03-11
BEN & JERRY'S CHOCOLATE BROWNIE,Biscuits & Chips,2000,TAFTAF,2026-03-11
BEN & JERRY'S VANILLA PECAN,Biscuits & Chips,2000,TAFTAF,2026-03-11
BEN & JERRY'S PEANUT BUTTER CUP,Biscuits & Chips,2000,TAFTAF,2026-03-11
HAAGEN DAZS MACADAMIA NUT BRITTLE,Biscuits & Chips,5500,TAFTAF,2026-03-11
HAAGEN DAZS CARAMEL & BISCUIT,Biscuits & Chips,5500,TAFTAF,2026-03-11
HAAGEN DAZS STRAWBERRY CHEESECAKE,Biscuits & Chips,5500,TAFTAF,2026-03-11
HAAGEN DAZS MANGUE-FRAMBOISE,Biscuits & Chips,5500,TAFTAF,2026-03-11
HAAGEN DAZS COOKIES & CREAM,Biscuits & Chips,1500,TAFTAF,2026-03-11
POT MAGNUM ALMOND,Biscuits & Chips,5000,TAFTAF,2026-03-11
POT WHITE CHOCOLATE & COOKIES,Biscuits & Chips,5000,TAFTAF,2026-03-11
POT DOUBLE SALTED CARAMEL,Biscuits & Chips,5000,TAFTAF,2026-03-11
POT MAGNUM BILLIONAIRE,Biscuits & Chips,5000,TAFTAF,2026-03-11
BÂTONNETS DE NOËL KINDER,Biscuits & Chips,4000,TAFTAF,2026-03-11
PÈRE NOËL EN CHOCOLAT MILKA,Biscuits & Chips,4000,TAFTAF,2026-03-11
KINDER SURPRISE NOËL,Biscuits & Chips,5000,TAFTAF,2026-03-11
LES PYRÉNÉENS DE LINDT,Biscuits & Chips,10000,TAFTAF,2026-03-11
CHAMPS ELYSÉES DE LINDT,Biscuits & Chips,12000,TAFTAF,2026-03-11
NUTELLA & GO,Biscuits & Chips,1500,TAFTAF,2026-03-11
DUO NUTELLA & GO,Biscuits & Chips,2500,TAFTAF,2026-03-11
NUTELLA B-READY X1,Biscuits & Chips,500,TAFTAF,2026-03-11
NUTELLA B-READY X6,Biscuits & Chips,3000,TAFTAF,2026-03-11
NUTELLA B-READY X15,Biscuits & Chips,5500,TAFTAF,2026-03-11
BAIOCCHI X6,Biscuits & Chips,1000,TAFTAF,2026-03-11
MILKA CHOCO SUPRÊME,Biscuits & Chips,500,TAFTAF,2026-03-11
KINDER TRONKY,Biscuits & Chips,500,TAFTAF,2026-03-11
KINDER BUENO,Biscuits & Chips,1500,TAFTAF,2026-03-11
KINDER BUENO WHITE,Biscuits & Chips,1500,TAFTAF,2026-03-11
KINDER BUENO X3,Biscuits & Chips,3500,TAFTAF,2026-03-11
KINDER BUENO WHITE X3,Biscuits & Chips,3500,TAFTAF,2026-03-11
KINDER JOY GIRL,Biscuits & Chips,1000,TAFTAF,2026-03-11
KINDER JOY BOY,Biscuits & Chips,1000,TAFTAF,2026-03-11
KINDER JOY STRANGER THINGS,Biscuits & Chips,2000,TAFTAF,2026-03-11
TRIO SNICKERS,Biscuits & Chips,2500,TAFTAF,2026-03-11
BARRES MILKA OREO,Biscuits & Chips,3000,TAFTAF,2026-03-11
MAXI PACK MILKY WAY,Biscuits & Chips,4000,TAFTAF,2026-03-11
BARRES CHOCAPIC X8,Biscuits & Chips,4000,TAFTAF,2026-03-11
HAPPY HIPPO (5 BARRES),Biscuits & Chips,2500,TAFTAF,2026-03-11
KINDER TRONKY (BOÎTE DE 5),Biscuits & Chips,3500,TAFTAF,2026-03-11
KITKAT,Biscuits & Chips,1000,TAFTAF,2026-03-11
BARRE MILKY WAY,Biscuits & Chips,500,TAFTAF,2026-03-11
SNICKERS,Biscuits & Chips,1000,TAFTAF,2026-03-11
TWIX,Biscuits & Chips,1000,TAFTAF,2026-03-11
BOUNTY,Biscuits & Chips,1000,TAFTAF,2026-03-11
LION,Biscuits & Chips,1000,TAFTAF,2026-03-11
KINDER MAXI (2 BARRES),Biscuits & Chips,1500,TAFTAF,2026-03-11
MINI TABLETTE DE CHOCOLAT MILKA,Biscuits & Chips,500,TAFTAF,2026-03-11
BARRE KINDER COUNTRY,Biscuits & Chips,1000,TAFTAF,2026-03-11
KINDER CHOCOLAT,Biscuits & Chips,1500,TAFTAF,2026-03-11
HAPPY HIPPO CACAO,Biscuits & Chips,500,TAFTAF,2026-03-11
COOKIES CHIPS AHOY,Biscuits & Chips,500,TAFTAF,2026-03-11
BONBONS WERTHER'S ORIGINAL,Biscuits & Chips,2500,TAFTAF,2026-03-11
SKITTLES FRUITS,Biscuits & Chips,1000,TAFTAF,2026-03-11
SKITTLES ACIDULÉS,Biscuits & Chips,1000,TAFTAF,2026-03-11
SKITTLES FRUITS EN POCHON,Biscuits & Chips,2500,TAFTAF,2026-03-11
MALTESERS,Biscuits & Chips,1000,TAFTAF,2026-03-11
M&M'S CACAHUÈTES,Biscuits & Chips,1000,TAFTAF,2026-03-11
M&M'S CHOCOLAT,Biscuits & Chips,1000,TAFTAF,2026-03-11
M&M'S CRISPY,Biscuits & Chips,1000,TAFTAF,2026-03-11
CHOCOLAT CRUNCH,Biscuits & Chips,2500,TAFTAF,2026-03-11
MILKA OREO,Biscuits & Chips,2500,TAFTAF,2026-03-11
MILKA TENDRE AU LAIT,Biscuits & Chips,2500,TAFTAF,2026-03-11
MILKA DAIM,Biscuits & Chips,2500,TAFTAF,2026-03-11
MILKA NOISETTES ENTIÈRES,Biscuits & Chips,2500,TAFTAF,2026-03-11
MILKA CARAMEL,Biscuits & Chips,2500,TAFTAF,2026-03-11
CHOCOLAT BLANC GALAK,Biscuits & Chips,2000,TAFTAF,2026-03-11
MILKA NOISETTES MAXI-FORMAT,Biscuits & Chips,4500,TAFTAF,2026-03-11
BOUCHÉES MILKA DAIM,Biscuits & Chips,3500,TAFTAF,2026-03-11
KINDER MAXI,Biscuits & Chips,4000,TAFTAF,2026-03-11
KINDER COUNTRY (BOÎTE DE 9),Biscuits & Chips,4500,TAFTAF,2026-03-11
SPECULOOS BISCOFF POCKET,Biscuits & Chips,2000,TAFTAF,2026-03-11
LINDT EXTRA FONDANT,Biscuits & Chips,3000,TAFTAF,2026-03-11
LINDT FLEUR DE SEL,Biscuits & Chips,3000,TAFTAF,2026-03-11
POPCORN CARAMEL,Biscuits & Chips,1500,TAFTAF,2026-03-11
MENTOS FRUITS,Biscuits & Chips,500,TAFTAF,2026-03-11
COLLIER DE BONBONS,Biscuits & Chips,500,TAFTAF,2026-03-11
CRACKLE CANDY GOÛT FRAISE,Biscuits & Chips,500,TAFTAF,2026-03-11
CRACKLE CANDY GOÛT COLA,Biscuits & Chips,500,TAFTAF,2026-03-11
SUCETTE À TREMPER,Biscuits & Chips,500,TAFTAF,2026-03-11
SUCETTE À TREMPER GOÛT CERISE,Biscuits & Chips,500,TAFTAF,2026-03-11
SUCETTE À TREMPER COLA,Biscuits & Chips,500,TAFTAF,2026-03-11
BONBONS AUX FRUITS STARBURST,Biscuits & Chips,1500,TAFTAF,2026-03-11
SOUR PUNCH RAINBOW STRAWS,Biscuits & Chips,1500,TAFTAF,2026-03-11
FREEDENT WHITE MENTHE FORTE,Biscuits & Chips,500,TAFTAF,2026-03-11
CHEWING GUMS SANS SUCRE À LA MENTHE VERTE,Biscuits & Chips,1500,TAFTAF,2026-03-11
CHEWING GUMS SANS SUCRE MENTHE GLACIALE,Biscuits & Chips,1500,TAFTAF,2026-03-11
COCO SÉCHÉ,Biscuits & Chips,500,TAFTAF,2026-03-11
COCO & GINGEMBRE SÉCHÉS,Biscuits & Chips,500,TAFTAF,2026-03-11
BOUYE NATURE,Biscuits & Chips,1000,TAFTAF,2026-03-11
BOUYE NATURE X2,Biscuits & Chips,1500,TAFTAF,2026-03-11
BOUYE GINGEMBRE,Biscuits & Chips,1000,TAFTAF,2026-03-11
NOUGAT ARACHIDE,Biscuits & Chips,2500,TAFTAF,2026-03-11
NOUGAT CAJOUX,Biscuits & Chips,4000,TAFTAF,2026-03-11
MADELEINES AUX PÉPITES DE CHOCOLAT,Biscuits & Chips,1500,TAFTAF,2026-03-11
MADELEINES ST-MICHEL 250G,Biscuits & Chips,2500,TAFTAF,2026-03-11
VÉRITABLE PETIT BEURRE,Biscuits & Chips,2500,TAFTAF,2026-03-11
LANGUES DE CHAT,Biscuits & Chips,2000,TAFTAF,2026-03-11
CIGARETTES CROUSTILLANTES,Biscuits & Chips,1500,TAFTAF,2026-03-11
BOUDOIRS AUX ŒUFS FRAIS,Biscuits & Chips,2000,TAFTAF,2026-03-11
MINI ROCHERS COCO,Biscuits & Chips,2000,TAFTAF,2026-03-11
SABLÉS NOIX DE COCO,Biscuits & Chips,1500,TAFTAF,2026-03-11
SABLÉS AU CHOCOLAT,Biscuits & Chips,2000,TAFTAF,2026-03-11
MARBRÉ CHOCOLAT,Biscuits & Chips,2500,TAFTAF,2026-03-11
MINI COOKIES AUX PÉPITES DE CHOCOLAT,Biscuits & Chips,1000,TAFTAF,2026-03-11
SNACK PACK OREO,Biscuits & Chips,500,TAFTAF,2026-03-11
OREO ORIGINAL,Biscuits & Chips,1500,TAFTAF,2026-03-11
OREO GOLDEN,Biscuits & Chips,1500,TAFTAF,2026-03-11
OREO DOUBLE CRÈME,Biscuits & Chips,2000,TAFTAF,2026-03-11
MINI OREO,Biscuits & Chips,1000,TAFTAF,2026-03-11
OREO CLASSIC POCKET,Biscuits & Chips,3000,TAFTAF,2026-03-11
OREO GOLDEN POCKET,Biscuits & Chips,3000,TAFTAF,2026-03-11
DÉLICHOC,Biscuits & Chips,2500,TAFTAF,2026-03-11
SABLÉS TOUT CHOCOLAT BONNE MAMAN,Biscuits & Chips,2500,TAFTAF,2026-03-11
MILKA CHOCO COOKIES,Biscuits & Chips,2500,TAFTAF,2026-03-11
MILKA CHOCO MOO,Biscuits & Chips,2500,TAFTAF,2026-03-11
MILKA CHOCO MOO'ELLEUX,Biscuits & Chips,2500,TAFTAF,2026-03-11
MILKA CHOCO & CAKE,Biscuits & Chips,2500,TAFTAF,2026-03-11
MILKA CHOCO BISCUITS,Biscuits & Chips,2500,TAFTAF,2026-03-11
MILKA CHOCO SUPRÊME X6,Biscuits & Chips,3500,TAFTAF,2026-03-11
MILKA CHOCO PAUSE,Biscuits & Chips,2500,TAFTAF,2026-03-11
BISCUITS PRINCE CHOCOLAT,Biscuits & Chips,2500,TAFTAF,2026-03-11
BN CHOCOLAT,Biscuits & Chips,2500,TAFTAF,2026-03-11
BN FRAISE,Biscuits & Chips,2500,TAFTAF,2026-03-11
MINI BN CHOCOLAT,Biscuits & Chips,3000,TAFTAF,2026-03-11
BISCUITS NUTELLA (POCKET),Biscuits & Chips,1000,TAFTAF,2026-03-11
BISCUITS NUTELLA (TUBE),Biscuits & Chips,3500,TAFTAF,2026-03-11
BISCUITS NUTELLA (5 ÉTUIS DE 3),Biscuits & Chips,4500,TAFTAF,2026-03-11
BISCUITS NUTELLA (SACHET),Biscuits & Chips,5000,TAFTAF,2026-03-11
KINDER CARDS,Biscuits & Chips,3500,TAFTAF,2026-03-11
PETIT ÉCOLIER CHOCOLAT AU LAIT,Biscuits & Chips,3000,TAFTAF,2026-03-11
MINI CRACKERS GULLÓN,Biscuits & Chips,2500,TAFTAF,2026-03-11
MINI BITES CHEDDAR,Biscuits & Chips,2000,TAFTAF,2026-03-11
GRAINES DE TOURNESOL CASTANIA,Biscuits & Chips,2500,TAFTAF,2026-03-11
GRAINES DE COURGE CASTANIA,Biscuits & Chips,3000,TAFTAF,2026-03-11
AMANDES FUMÉES CASTANIA,Biscuits & Chips,2500,TAFTAF,2026-03-11
CASTANIA REGULAR MIX,Biscuits & Chips,3000,TAFTAF,2026-03-11
CASTANIA EXTRA NUTS,Biscuits & Chips,4000,TAFTAF,2026-03-11
CASTANIA SUPER EXTRA NUTS,Biscuits & Chips,5000,TAFTAF,2026-03-11
PISTACHES D'ALEP CASTANIA,Biscuits & Chips,8000,TAFTAF,2026-03-11
AMANDES NATURES,Biscuits & Chips,1500,TAFTAF,2026-03-11
WONDERFUL PISTACHIOS,Biscuits & Chips,1500,TAFTAF,2026-03-11
PISTACHES DE CALIFORNIE,Biscuits & Chips,4000,TAFTAF,2026-03-11
PISTACHES GRILLÉES ET SALÉES,Biscuits & Chips,3000,TAFTAF,2026-03-11
KIRI GOÛTER (1 BARQUETTE),Biscuits & Chips,1000,TAFTAF,2026-03-11
CHIPS DE BANANE PLANTAIN SALÉS,Biscuits & Chips,1000,TAFTAF,2026-03-11
CHIPS DE BANANE PLANTAIN SUCRÉS,Biscuits & Chips,1000,TAFTAF,2026-03-11
CHIPS DE MANGUES (POIVRE & SEL),Biscuits & Chips,2000,TAFTAF,2026-03-11
CHIPS DE MANGUES (PIMENT & GINGEMBRE),Biscuits & Chips,2000,TAFTAF,2026-03-11
BRETZELS ELEPHANT,Biscuits & Chips,2000,TAFTAF,2026-03-11
CHIPS BRET'S À L'ANCIENNE,Biscuits & Chips,2000,TAFTAF,2026-03-11
CHIPS BRET'S LA CRAQUANTE,Biscuits & Chips,2000,TAFTAF,2026-03-11
BRET'S LA PAYSANNE,Biscuits & Chips,2500,TAFTAF,2026-03-11
BRET'S SEL & VINAIGRE,Biscuits & Chips,2500,TAFTAF,2026-03-11
CHIPS BRET'S YAKITORI,Biscuits & Chips,2500,TAFTAF,2026-03-11
CHIPS BRET'S PETITS OIGNONS,Biscuits & Chips,2500,TAFTAF,2026-03-11
CHIPS BRET'S SAVEUR PIZZA,Biscuits & Chips,2500,TAFTAF,2026-03-11
BRET'S L'ORIGINALE,Biscuits & Chips,2500,TAFTAF,2026-03-11
CHIPS BRET'S POULET BRAISÉ,Biscuits & Chips,2500,TAFTAF,2026-03-11
BRET'S MIEL MOUTARDE,Biscuits & Chips,2500,TAFTAF,2026-03-11
BRET'S PILI PILI,Biscuits & Chips,2500,TAFTAF,2026-03-11
BRET'S LA CRAQUANTE 6X 25G,Biscuits & Chips,3000,TAFTAF,2026-03-11
CHEETOS FROMAGE,Biscuits & Chips,2000,TAFTAF,2026-03-11
DORITOS NACHO CHEESE,Biscuits & Chips,3000,TAFTAF,2026-03-11
DORITOS SWEET CHILI,Biscuits & Chips,3000,TAFTAF,2026-03-11
DORITOS BARBECUE STYLE,Biscuits & Chips,3000,TAFTAF,2026-03-11
DORITOS PAPRIKA,Biscuits & Chips,2500,TAFTAF,2026-03-11
SOUFFLÉS BEURRE DE CACAHUÈTES,Biscuits & Chips,1500,TAFTAF,2026-03-11
CHIPS SOUR CREAM & ONION,Biscuits & Chips,1500,TAFTAF,2026-03-11
CROUSTILLES EMMENTAL,Biscuits & Chips,1000,TAFTAF,2026-03-11
CRACKERS EMMENTAL,Biscuits & Chips,2000,TAFTAF,2026-03-11
CRACKERS EMMENTAL BELIN,Biscuits & Chips,2500,TAFTAF,2026-03-11
MONSTER MUNCH ORIGINAL,Biscuits & Chips,1500,TAFTAF,2026-03-11
PRINGLES ORIGINAL (MINI-TUBE),Biscuits & Chips,1000,TAFTAF,2026-03-11
PRINGLES SOUR CREAM & ONION (MINI-TUBE),Biscuits & Chips,1000,TAFTAF,2026-03-11
PRINGLES HOT & SPICY (MINI-TUBE),Biscuits & Chips,1000,TAFTAF,2026-03-11
PRINGLES PAPRIKA (MINI-TUBE),Biscuits & Chips,1000,TAFTAF,2026-03-11
PRINGLES TEXAS BBQ (MINI-TUBE),Biscuits & Chips,1000,TAFTAF,2026-03-11
PRINGLES ORIGINAL,Biscuits & Chips,2000,TAFTAF,2026-03-11
PRINGLES SOUR CREAM & ONION,Biscuits & Chips,2000,TAFTAF,2026-03-11
PRINGLES HOT & SPICY,Biscuits & Chips,2000,TAFTAF,2026-03-11
PRINGLES PAPRIKA,Biscuits & Chips,2000,TAFTAF,2026-03-11
PRINGLES FAMILY,Biscuits & Chips,7000,TAFTAF,2026-03-11
PRINGLES SALT & VINEGAR,Biscuits & Chips,2000,TAFTAF,2026-03-11
PRINGLES SAVEUR PIZZA,Biscuits & Chips,2000,TAFTAF,2026-03-11
GUACAMOLE,Biscuits & Chips,3000,TAFTAF,2026-03-11
SAUCE MEXICAINE,Biscuits & Chips,2500,TAFTAF,2026-03-11
SAUCE AU FROMAGE,Biscuits & Chips,2500,TAFTAF,2026-03-11
HARIBO DRAGIBUS SOFT,Biscuits & Chips,2500,TAFTAF,2026-03-11
HAPPY COLA PIK,Biscuits & Chips,2000,TAFTAF,2026-03-11
HAPPY COLA,Biscuits & Chips,2000,TAFTAF,2026-03-11
HARIBO L'OURS D'OR,Biscuits & Chips,2000,TAFTAF,2026-03-11
HARIBO SCHTROUMPFS,Biscuits & Chips,2000,TAFTAF,2026-03-11
HARIBO MIAMI PIK,Biscuits & Chips,2500,TAFTAF,2026-03-11
HARIBO RAINBOW PIK,Biscuits & Chips,2500,TAFTAF,2026-03-11
HARIBO FAN OF PIK,Biscuits & Chips,2500,TAFTAF,2026-03-11
HARIBO HARRY POTTER,Biscuits & Chips,2000,TAFTAF,2026-03-11
HARIBO ŒUFS AU PLAT,Biscuits & Chips,2000,TAFTAF,2026-03-11
BONBONS BOUTEILLES (HALAL),Biscuits & Chips,2500,TAFTAF,2026-03-11
VERS PIQUANTS (HALAL),Biscuits & Chips,2500,TAFTAF,2026-03-11
SOUR BELTS CHUPA CHUPS,Biscuits & Chips,3500,TAFTAF,2026-03-11
CHEWING GUMS MENTOS PEPPERMINT,Biscuits & Chips,2000,TAFTAF,2026-03-11
MENTOS PURE FRESH EUCALYPTUS,Biscuits & Chips,3500,TAFTAF,2026-03-11
BONBONS MENTOS AUX FRUITS,Biscuits & Chips,1000,TAFTAF,2026-03-11
MENTOS MINT,Biscuits & Chips,1000,TAFTAF,2026-03-11
PASTILLES VALDA,Biscuits & Chips,500,TAFTAF,2026-03-11
DATTES GOURMANDES À LA PISTACHE,Biscuits & Chips,2500,TAFTAF,2026-03-11
DATTES SAVEUR COOKIE DOUGH,Biscuits & Chips,2500,TAFTAF,2026-03-11
DATTES SAVEUR PÊCHE,Biscuits & Chips,2500,TAFTAF,2026-03-11
MANGUES SÉCHÉES OFRUTTI,Biscuits & Chips,2000,TAFTAF,2026-03-11
MANGUES SÉCHÉES PIMENTÉES,Biscuits & Chips,2000,TAFTAF,2026-03-11
ANANAS SÉCHÉS OFRUTTI,Biscuits & Chips,2500,TAFTAF,2026-03-11
BANANES SÉCHÉES OFRUTTI,Biscuits & Chips,2000,TAFTAF,2026-03-11
MANGUES & ANANAS SÉCHÉS OFRUTTI,Biscuits & Chips,4000,TAFTAF,2026-03-11
BANANES SÉCHÉES IVORIAN TASTES,Biscuits & Chips,2000,TAFTAF,2026-03-11
TAMARIN SUCRÉ,Biscuits & Chips,3000,TAFTAF,2026-03-11
KIRI GOÛTER,Biscuits & Chips,3500,TAFTAF,2026-03-11
MINI BABYBEL,Biscuits & Chips,3000,TAFTAF,2026-03-11
PAIN D'ÉPICES FONDANT,Biscuits & Chips,2500,TAFTAF,2026-03-11
RAISIN ROUGE SANS PÉPINS D'AFRIQUE DU SUD,Surgelés,3500,TAFTAF,2026-03-11
BANANES DU SÉNÉGAL X3,Surgelés,1000,TAFTAF,2026-03-11
FRAISES ORIGINE SÉNÉGAL,Surgelés,2500,TAFTAF,2026-03-11
RAISIN BLANC SANS PÉPINS D'AFRIQUE DU SUD,Surgelés,3000,TAFTAF,2026-03-11
POMMES GOLDEN X3,Surgelés,1000,TAFTAF,2026-03-11
POMMES ROYAL GALA X3,Surgelés,1500,TAFTAF,2026-03-11
POIRES D'AFRIQUE DU SUD X3,Surgelés,1500,TAFTAF,2026-03-11
ORANGES DU MAROC X3,Surgelés,1500,TAFTAF,2026-03-11
CITRONS VERTS X3,Surgelés,500,TAFTAF,2026-03-11
CLÉMENTINES DU MAROC X3,Surgelés,1500,TAFTAF,2026-03-11
MANGUE DU MALI,Surgelés,1000,TAFTAF,2026-03-11
AVOCAT ORIGINE GUINÉE,Surgelés,1000,TAFTAF,2026-03-11
DATTES NOUR 1KG,Surgelés,3500,TAFTAF,2026-03-11
TOMATES ORIGINE SÉNÉGAL X3,Surgelés,1000,TAFTAF,2026-03-11
TOMATES CERISES X15,Surgelés,500,TAFTAF,2026-03-11
LAITUE ORIGINE SÉNÉGAL,Surgelés,1500,TAFTAF,2026-03-11
SALADE ICEBERG ORIGINE SÉNÉGAL,Surgelés,2000,TAFTAF,2026-03-11
SUCRINE DU SÉNÉGAL,Surgelés,2000,TAFTAF,2026-03-11
BATAVIA DU SÉNÉGAL,Surgelés,2000,TAFTAF,2026-03-11
BETTERAVES ROUGES ENTIÈRES SOUS VIDE,Surgelés,2500,TAFTAF,2026-03-11
ROQUETTE EN BARQUETTE,Surgelés,2000,TAFTAF,2026-03-11
MÂCHE ORIGINE SÉNÉGAL,Surgelés,2000,TAFTAF,2026-03-11
CONCOMBRE ORIGINE SÉNÉGAL,Surgelés,500,TAFTAF,2026-03-11
CAROTTES ORIGINE SÉNÉGAL X3,Surgelés,1500,TAFTAF,2026-03-11
AUBERGINE DU SÉNÉGAL,Surgelés,500,TAFTAF,2026-03-11
COURGETTE DU SÉNÉGAL,Surgelés,1000,TAFTAF,2026-03-11
POIREAUX ORIGINE SÉNÉGAL X3,Surgelés,1000,TAFTAF,2026-03-11
POMMES DE TERRE ORIGINE SÉNÉGAL X5,Surgelés,1000,TAFTAF,2026-03-11
PATATES DOUCES BLANCHES X3,Surgelés,1000,TAFTAF,2026-03-11
POIVRONS VERTS ORIGINE SÉNÉGAL X3,Surgelés,1000,TAFTAF,2026-03-11
OIGNONS BLANCS DES PAYS-BAS X3,Surgelés,500,TAFTAF,2026-03-11
OIGNONS ROUGES DU SÉNÉGAL X3,Surgelés,500,TAFTAF,2026-03-11
OIGNONS VERTS X5,Surgelés,500,TAFTAF,2026-03-11
AIL IMPORTÉ (3 TÊTES),Surgelés,500,TAFTAF,2026-03-11
PERSIL PLAT ORIGINE SÉNÉGAL,Surgelés,500,TAFTAF,2026-03-11
MENTHE FRAÎCHE DU SÉNÉGAL,Surgelés,500,TAFTAF,2026-03-11
BAGUETTINE NATURE (LIVRÉE CHAUDE),Surgelés,1000,TAFTAF,2026-03-11
BAGUETTINE MULTIGRAINS (LIVRÉE CHAUDE),Surgelés,1000,TAFTAF,2026-03-11
DUO BAGUETTINES (LIVRÉES CHAUDES),Surgelés,1500,TAFTAF,2026-03-11
BAGUETTE NATURE (LIVRÉE CHAUDE),Surgelés,1500,TAFTAF,2026-03-11
BAGUETTE MULTIGRAINS (LIVRÉE CHAUDE),Surgelés,1500,TAFTAF,2026-03-11
PAIN DE MIE LOCAL,Surgelés,1500,TAFTAF,2026-03-11
PAIN COMPLET LOCAL,Surgelés,1500,TAFTAF,2026-03-11
PAIN DE MIE MAXI JAC',Surgelés,3500,TAFTAF,2026-03-11
PAIN MAXI JAC' COMPLET,Surgelés,3500,TAFTAF,2026-03-11
PAIN DE MIE ROND JACQUET,Surgelés,6000,TAFTAF,2026-03-11
MINI PAINS BURGERS,Surgelés,2500,TAFTAF,2026-03-11
PAIN DE MIE DULCESOL,Surgelés,3500,TAFTAF,2026-03-11
BAGELS AU SÉSAME,Surgelés,2000,TAFTAF,2026-03-11
MINI PAINS LIBANAIS,Surgelés,500,TAFTAF,2026-03-11
PAIN ARABE BOULANGERIE YOUSSEF,Surgelés,1500,TAFTAF,2026-03-11
TORTILLAS POCO LOCO,Surgelés,2500,TAFTAF,2026-03-11
TORTILLAS SAMIA 25CM,Surgelés,3000,TAFTAF,2026-03-11
"TORTILLAS ""DÜRÜM"" X18",Surgelés,4500,TAFTAF,2026-03-11
CROÛTONS DE PAIN CROUSTILLANTS TIPIAK,Surgelés,1500,TAFTAF,2026-03-11
FEUILLES DE BRICK,Surgelés,1500,TAFTAF,2026-03-11
SAUMON FUMÉ DE NORVÈGE,Surgelés,7000,TAFTAF,2026-03-11
ŒUFS DE CAILLE,Surgelés,1500,TAFTAF,2026-03-11
ŒUFS FRAIS,Surgelés,1000,TAFTAF,2026-03-11
PLATEAU FILMÉ DE 30 ŒUFS,Surgelés,3500,TAFTAF,2026-03-11
BOCAGE PAR BRIDEL,Surgelés,1000,TAFTAF,2026-03-11
MICRO-BEURRES LURPAK X2,Surgelés,500,TAFTAF,2026-03-11
BEURRE DOUX LURPAK,Surgelés,2500,TAFTAF,2026-03-11
BEURRE DEMI-SEL LURPAK,Surgelés,2500,TAFTAF,2026-03-11
BEURRE DOUX PRÉSIDENT,Surgelés,3000,TAFTAF,2026-03-11
SPRAY DE DÉMOULAGE,Surgelés,5000,TAFTAF,2026-03-11
CRÈME FRAÎCHE PAYSAN BRETON,Surgelés,2500,TAFTAF,2026-03-11
CRÈME ENTIÈRE PRÉSIDENT,Surgelés,3000,TAFTAF,2026-03-11
BÉCHAMEL BRIDÉLICE,Surgelés,2000,TAFTAF,2026-03-11
CRÈME FRAÎCHE HELIOR 1L,Surgelés,5500,TAFTAF,2026-03-11
CRÈME FRAÎCHE LIQUIDE ARLA,Surgelés,6000,TAFTAF,2026-03-11
CRÈME FOUETTÉE PAYSAN BRETON,Surgelés,3500,TAFTAF,2026-03-11
CRÈME FRAÎCHE ÉPAISSE DOLIMA,Surgelés,2000,TAFTAF,2026-03-11
CRÈME FRAÎCHE ÉPAISSE PRÉSIDENT,Surgelés,3000,TAFTAF,2026-03-11
EMMENTAL RÂPÉ ENTREMONT,Surgelés,2000,TAFTAF,2026-03-11
EMMENTAL RÂPÉ PAYSAN BRETON,Surgelés,2000,TAFTAF,2026-03-11
EMMENTAL RÂPÉ (SACHET REFERMABLE 200G),Surgelés,3000,TAFTAF,2026-03-11
EMMENTAL RÂPÉ 1KG,Surgelés,8000,TAFTAF,2026-03-11
GRANA PADANO AOP,Surgelés,5000,TAFTAF,2026-03-11
YAOURTS FRAMBOISE ELLE & VIRE,Surgelés,4000,TAFTAF,2026-03-11
YAOURTS MYRTILLE ELLE & VIRE,Surgelés,4000,TAFTAF,2026-03-11
YAOURTS FRAISE ELLE & VIRE,Surgelés,4000,TAFTAF,2026-03-11
YAOURTS NATURES ELLE & VIRE,Surgelés,4000,TAFTAF,2026-03-11
CRÈME DESSERT CHOCOLAT ELLE & VIRE,Surgelés,2500,TAFTAF,2026-03-11
CRÈME DESSERT VANILLE ELLE & VIRE,Surgelés,2500,TAFTAF,2026-03-11
YAOURT NATURE À BOIRE,Surgelés,1500,TAFTAF,2026-03-11
YAOURT À BOIRE GOÛT VANILLE,Surgelés,1500,TAFTAF,2026-03-11
YAOURT À BOIRE GOÛT CITRON,Surgelés,1500,TAFTAF,2026-03-11
YAOURT NATURE EN POT DE VERRE,Surgelés,1000,TAFTAF,2026-03-11
YAOURT VANILLE EN POT DE VERRE,Surgelés,1000,TAFTAF,2026-03-11
YAOURT MANGUE EN POT DE VERRE,Surgelés,1000,TAFTAF,2026-03-11
YAOURTS NATURES 100% SÉNÉGAL,Surgelés,3500,TAFTAF,2026-03-11
YAOURTS VANILLE 100% SÉNÉGAL,Surgelés,3500,TAFTAF,2026-03-11
YAOURTS MANGUE 100% SÉNÉGAL,Surgelés,3500,TAFTAF,2026-03-11
YAOURT NATURE SAPROLAIT,Surgelés,500,TAFTAF,2026-03-11
YAOURTS POIRE & PÊCHE CRÉMOR,Surgelés,1500,TAFTAF,2026-03-11
YAOURTS FRUITS DES BOIS & EXOTIQUES,Surgelés,1500,TAFTAF,2026-03-11
CREAM CHEESE,Surgelés,2000,TAFTAF,2026-03-11
LABNEH KOLIOS,Surgelés,3000,TAFTAF,2026-03-11
EMMENTAL EN TRANCHES ARLA,Surgelés,2500,TAFTAF,2026-03-11
GOUDA EN TRANCHES ARLA,Surgelés,2500,TAFTAF,2026-03-11
CHEDDAR EN TRANCHES ARLA,Surgelés,2500,TAFTAF,2026-03-11
MOZZARELLA EN TRANCHES ARLA,Surgelés,2500,TAFTAF,2026-03-11
GOUDA EN TRANCHES KOLIOS,Surgelés,2500,TAFTAF,2026-03-11
MOZZARELLA EN TRANCHES KOLIOS,Surgelés,2500,TAFTAF,2026-03-11
CHEDDAR EN TRANCHES KOLIOS,Surgelés,2500,TAFTAF,2026-03-11
EDAM EN TRANCHES KOLIOS,Surgelés,2500,TAFTAF,2026-03-11
FROMAGE FUMÉ EN TRANCHES KOLIOS,Surgelés,3500,TAFTAF,2026-03-11
GOUDA EN TRANCHES VILLAS,Surgelés,2500,TAFTAF,2026-03-11
CAMEMBERT PAYSAN BRETON,Surgelés,3000,TAFTAF,2026-03-11
BRIE PAYSAN BRETON,Surgelés,3000,TAFTAF,2026-03-11
FETA KOLIOS,Surgelés,3500,TAFTAF,2026-03-11
FETA EN CUBES KOLIOS,Surgelés,3500,TAFTAF,2026-03-11
FROMAGE À GRILLER KOLIOS,Surgelés,4000,TAFTAF,2026-03-11
BURRATA DE CAMPANIE,Surgelés,3000,TAFTAF,2026-03-11
BURRATA 100% ITALIA,Surgelés,3500,TAFTAF,2026-03-11
FROMAGE POUR BURGERS,Surgelés,2500,TAFTAF,2026-03-11
LA VACHE QUI RIT,Surgelés,1000,TAFTAF,2026-03-11
KIRI PORTIONS,Surgelés,2500,TAFTAF,2026-03-11
YAOURT DOLIMA NATURE,Surgelés,2000,TAFTAF,2026-03-11
YAOURT DOLIMA VANILLE,Surgelés,2000,TAFTAF,2026-03-11
LAIT CAILLÉ SANS SUCRE DOLIMA,Surgelés,2500,TAFTAF,2026-03-11
THIAKRY DOLIMA,Surgelés,1000,TAFTAF,2026-03-11
COMPOTE POMME ALLÉGÉE ANDROS,Surgelés,2500,TAFTAF,2026-03-11
COMPOTE POMME-PÊCHE ANDROS,Surgelés,3000,TAFTAF,2026-03-11
COMPOTE DE POMMES ANDROS,Surgelés,2000,TAFTAF,2026-03-11
COMPOTE POMME-BANANE ANDROS,Surgelés,2000,TAFTAF,2026-03-11
COMPOTE POMME-FRAISE ANDROS,Surgelés,2000,TAFTAF,2026-03-11
COMPOTE POMME-POIRE ANDROS,Surgelés,2000,TAFTAF,2026-03-11
NOUILLES KELLOGG'S AU POULET,Surgelés,500,TAFTAF,2026-03-11
NOUILLES KELLOGG'S AU BŒUF,Surgelés,500,TAFTAF,2026-03-11
NOUILLES KELLOGG'S AUX LÉGUMES,Surgelés,500,TAFTAF,2026-03-11
NOUILLES NATURES INDOMIE,Surgelés,500,TAFTAF,2026-03-11
NOUILLES AU POULET INDOMIE,Surgelés,500,TAFTAF,2026-03-11
NOUILLES AU BŒUF INDOMIE,Surgelés,500,TAFTAF,2026-03-11
NOUILLES SAVEUR POULET YUMYUM,Surgelés,500,TAFTAF,2026-03-11
NOUILLES POULET YUMYUM X3,Surgelés,1000,TAFTAF,2026-03-11
TOP RAMEN CHICKEN,Surgelés,500,TAFTAF,2026-03-11
NOUILLES SAUTÉES SAUCE SOJA,Surgelés,2000,TAFTAF,2026-03-11
PENNE PANZANI,Surgelés,1000,TAFTAF,2026-03-11
SPAGHETTI PANZANI,Surgelés,1500,TAFTAF,2026-03-11
COQUILLETTES PANZANI,Surgelés,2000,TAFTAF,2026-03-11
TAGLIATELLES PANZANI,Surgelés,3000,TAFTAF,2026-03-11
SPAGHETTI BARILLA,Surgelés,2000,TAFTAF,2026-03-11
SPAGHETTINI BARILLA,Surgelés,1500,TAFTAF,2026-03-11
FARFALLE BARILLA,Surgelés,2000,TAFTAF,2026-03-11
FUSILLI BARILLA,Surgelés,2000,TAFTAF,2026-03-11
PENNE BARILLA,Surgelés,2000,TAFTAF,2026-03-11
TORTIGLIONI BARILLA,Surgelés,2000,TAFTAF,2026-03-11
GNOCCHI DI PATATE,Surgelés,2500,TAFTAF,2026-03-11
GNOCCHI DI PATATE DE CECCO,Surgelés,3000,TAFTAF,2026-03-11
RAVIOLI PUR BŒUF,Surgelés,2000,TAFTAF,2026-03-11
FONIO PRÉCUIT,Surgelés,1500,TAFTAF,2026-03-11
SAUCE PANZANI OLIVES & BASILIC,Surgelés,3000,TAFTAF,2026-03-11
SAUCE PESTO PANZANI,Surgelés,3000,TAFTAF,2026-03-11
SAUCE ARRABBIATA BARILLA,Surgelés,2500,TAFTAF,2026-03-11
SAUCE NAPOLITAINE BARILLA,Surgelés,2500,TAFTAF,2026-03-11
DOUBLE CONCENTRÉ DE TOMATES TOMATINA,Surgelés,2500,TAFTAF,2026-03-11
TOMACOULI PANZANI,Surgelés,2000,TAFTAF,2026-03-11
TOMATES PELÉES MUTTI,Surgelés,1500,TAFTAF,2026-03-11
SAUCE AU POIVRE KNORR,Surgelés,2000,TAFTAF,2026-03-11
SAUCISSES DE POULET,Surgelés,1000,TAFTAF,2026-03-11
SAUCISSES DE POULET DOUX,Surgelés,1500,TAFTAF,2026-03-11
CROQ'KIDS DOUX,Surgelés,3500,TAFTAF,2026-03-11
NUGGETS DE POULET DOUX,Surgelés,3500,TAFTAF,2026-03-11
FRITES LUTOSA,Surgelés,2000,TAFTAF,2026-03-11
FRITES ONDULÉES MCCAIN,Surgelés,2500,TAFTAF,2026-03-11
COUNTRY POTATOES MCCAIN,Surgelés,2500,TAFTAF,2026-03-11
BEIGNETS AKARA,Surgelés,1500,TAFTAF,2026-03-11
THIAKRY SURGELÉ,Surgelés,1000,TAFTAF,2026-03-11
ARRAW SURGELÉ,Surgelés,1000,TAFTAF,2026-03-11
ATTIÉKÉ DE CÔTE D'IVOIRE,Surgelés,1500,TAFTAF,2026-03-11
ALLOCOS SURGELÉS,Surgelés,3000,TAFTAF,2026-03-11
CHAMPIGNONS ÉMINCÉS SURGELÉS,Surgelés,2000,TAFTAF,2026-03-11
HARICOTS VERTS SURGELÉS D'AUCY,Surgelés,2500,TAFTAF,2026-03-11
CECINA DE BŒUF EN TRANCHES,Surgelés,5000,TAFTAF,2026-03-11
CHORIZO DE DINDE,Surgelés,2500,TAFTAF,2026-03-11
SAUCISSON DE DINDE,Surgelés,3000,TAFTAF,2026-03-11
CHORIZO SNACK,Surgelés,3000,TAFTAF,2026-03-11
JAMBON DE BŒUF,Surgelés,1000,TAFTAF,2026-03-11
JAMBON DE BŒUF FUMÉ,Surgelés,1000,TAFTAF,2026-03-11
SAUCISSON AIL-BŒUF NAFY,Surgelés,500,TAFTAF,2026-03-11
SAUCISSON PIMENTÉ ZAHRA,Surgelés,1500,TAFTAF,2026-03-11
SAUCISSON DE POULET AUX OLIVES,Surgelés,1500,TAFTAF,2026-03-11
HOT DOGS DE BŒUF,Surgelés,1000,TAFTAF,2026-03-11
MERGUEZ ROUGES,Surgelés,2000,TAFTAF,2026-03-11
FOIE DE BŒUF SURGELÉ,Surgelés,1500,TAFTAF,2026-03-11
JAMBON DE DINDE VOLYS,Surgelés,5000,TAFTAF,2026-03-11
LANIÈRES DE DINDE FUMÉE,Surgelés,5000,TAFTAF,2026-03-11
BLANC DE POULET AUX HERBES,Surgelés,5000,TAFTAF,2026-03-11
JAMBON DE POULET,Surgelés,1000,TAFTAF,2026-03-11
VIANDE HACHÉE DAARA,Surgelés,1000,TAFTAF,2026-03-11
DUO DE HAMBURGERS,Surgelés,1000,TAFTAF,2026-03-11
VIANDE HACHÉE SURGELÉE,Surgelés,3000,TAFTAF,2026-03-11
STEAKS HACHÉS DE BŒUF X10,Surgelés,5000,TAFTAF,2026-03-11
STEAKS HACHÉS BIO PUR BŒUF,Surgelés,6000,TAFTAF,2026-03-11
"POULET ENTIER 1,5KG",Surgelés,4500,TAFTAF,2026-03-11
EMINCÉ DE POULET,Surgelés,4000,TAFTAF,2026-03-11
BLANCS DE POULET SURGELÉS,Surgelés,6000,TAFTAF,2026-03-11
FILETS DE LOTTE,Surgelés,2500,TAFTAF,2026-03-11
GAMBAS DU SÉNÉGAL,Surgelés,3000,TAFTAF,2026-03-11
CREVETTES DÉCORTIQUÉES DU SÉNÉGAL,Surgelés,4000,TAFTAF,2026-03-11
PÂTE BRISÉE VIVAGEL,Surgelés,2500,TAFTAF,2026-03-11
PÂTE À PIZZA VIVAGEL,Surgelés,2500,TAFTAF,2026-03-11
RIZ BASMATI INDIEN,Surgelés,2000,TAFTAF,2026-03-11
RIZ LONG GRAIN PARFUMÉ (5KG),Surgelés,5000,TAFTAF,2026-03-11
FARINE DE BLÉ,Surgelés,1500,TAFTAF,2026-03-11
FARINE FLUIDE SANS GRUMEAUX,Surgelés,1500,TAFTAF,2026-03-11
FLEUR DE MAÏS MAIZENA,Surgelés,2000,TAFTAF,2026-03-11
LEVURE CHIMIQUE,Surgelés,1000,TAFTAF,2026-03-11
LEVURE BOULANGÈRE,Surgelés,1000,TAFTAF,2026-03-11
SUCRE VANILLÉ,Surgelés,1000,TAFTAF,2026-03-11
GÉLATINE ALIMENTAIRE EN FEUILLES,Surgelés,2000,TAFTAF,2026-03-11
LAIT CONCENTRÉ SUCRÉ NESTLÉ,Surgelés,3000,TAFTAF,2026-03-11
CHOCOLAT DESSERT,Surgelés,3500,TAFTAF,2026-03-11
NESTLÉ DESSERT,Surgelés,4500,TAFTAF,2026-03-11
LINDT DESSERT 70%,Surgelés,5000,TAFTAF,2026-03-11
CASSONADE LA PERRUCHE,Surgelés,3000,TAFTAF,2026-03-11
SUCRE DE CANNE LIQUIDE,Surgelés,3500,TAFTAF,2026-03-11
BICARBONATE ALIMENTAIRE LA BALEINE,Surgelés,2500,TAFTAF,2026-03-11
SEL LA BALEINE,Surgelés,1000,TAFTAF,2026-03-11
SEL DE MER FIN LA BALEINE,Surgelés,1500,TAFTAF,2026-03-11
SEPT EPICES,Surgelés,1000,TAFTAF,2026-03-11
AIL EN POUDRE,Surgelés,1500,TAFTAF,2026-03-11
AIL HACHÉ DEL MONTE,Surgelés,2500,TAFTAF,2026-03-11
JUS DE CITRON VERT,Surgelés,1000,TAFTAF,2026-03-11
JUS DE CITRON DE SICILE,Surgelés,1500,TAFTAF,2026-03-11
DUO JUS DE CITRON,Surgelés,2000,TAFTAF,2026-03-11
TABLETTE DE BOUILLONS CUBE MAGGI,Surgelés,2000,TAFTAF,2026-03-11
ARÔME MAGGI,Surgelés,1000,TAFTAF,2026-03-11
MOUTARDE REINE,Surgelés,1000,TAFTAF,2026-03-11
PURÉE DE PIMENT REINE,Surgelés,1500,TAFTAF,2026-03-11
MOUTARDE DE DIJON AMORA,Surgelés,2500,TAFTAF,2026-03-11
MOUTARDE À L'ANCIENNE,Surgelés,2000,TAFTAF,2026-03-11
MAYONNAISE LESIEUR (POT),Surgelés,2500,TAFTAF,2026-03-11
MAYONNAISE AMORA,Surgelés,3500,TAFTAF,2026-03-11
MAYONNAISE ISLA DÉLICE,Surgelés,2500,TAFTAF,2026-03-11
KETCHUP ISLA DÉLICE,Surgelés,2500,TAFTAF,2026-03-11
SAUCE BARBECUE ISLA DÉLICE,Surgelés,2500,TAFTAF,2026-03-11
HUILE DE TOURNESOL OLÉOR,Surgelés,2000,TAFTAF,2026-03-11
HUILE DE TOURNESOL 5L,Surgelés,7500,TAFTAF,2026-03-11
HUILE D'OLIVE EXTRA VIERGE,Surgelés,4000,TAFTAF,2026-03-11
HUILE D'OLIVE EXTRA VIERGE 1L,Surgelés,7500,TAFTAF,2026-03-11
HUILE D'OLIVE PUGET SQUEEZE,Surgelés,7000,TAFTAF,2026-03-11
HUILE D'OLIVE VIERGE EXTRA PUGET 1L,Surgelés,11000,TAFTAF,2026-03-11
VINAIGRE BALSAMIQUE DE MODÈNE,Surgelés,3500,TAFTAF,2026-03-11
VINAIGRE BALSAMIQUE BELLA ROSA,Surgelés,2500,TAFTAF,2026-03-11
CRÈME BALSAMIQUE BELLA ROSA,Surgelés,2500,TAFTAF,2026-03-11
VINAIGRE DE CIDRE DE NORMANDIE,Surgelés,2500,TAFTAF,2026-03-11
BIDON DE KETCHUP (5KG),Surgelés,4000,TAFTAF,2026-03-11
BIDON DE SAUCE BARBECUE (5KG),Surgelés,5000,TAFTAF,2026-03-11
VINAIGRE D'ALCOOL COLORÉ MARIN'OR,Surgelés,1000,TAFTAF,2026-03-11
VINAIGRE D'ALCOOL BLANC MARIN'OR,Surgelés,1000,TAFTAF,2026-03-11
VINAIGRE BLANC IMPORTÉ,Surgelés,1500,TAFTAF,2026-03-11
KETCHUP HEINZ,Surgelés,2500,TAFTAF,2026-03-11
SAUCE BURGER SAMIA,Surgelés,2500,TAFTAF,2026-03-11
SAUCE BLANCHE SAMIA,Surgelés,2500,TAFTAF,2026-03-11
SAUCE SIRACHA,Surgelés,2500,TAFTAF,2026-03-11
SAUCE SWEET CHILI,Surgelés,2000,TAFTAF,2026-03-11
TABASCO ROUGE,Surgelés,2500,TAFTAF,2026-03-11
WORCESTER SAUCE HEINZ,Surgelés,2500,TAFTAF,2026-03-11
MINI KETCHUP,Surgelés,500,TAFTAF,2026-03-11
MINI BARBECUE,Surgelés,500,TAFTAF,2026-03-11
SAUCE PIMENT EXTRA-FORTE,Surgelés,500,TAFTAF,2026-03-11
SAUCE POUR NEMS SUZI WAN,Surgelés,2500,TAFTAF,2026-03-11
GINGEMBRE EN FINES LAMELLES,Surgelés,4000,TAFTAF,2026-03-11
OLIVES VERTES DÉNOYAUTÉES,Surgelés,1500,TAFTAF,2026-03-11
CORNICHONS MAILLE,Surgelés,4000,TAFTAF,2026-03-11
CÂPRES CRESPO,Surgelés,2000,TAFTAF,2026-03-11
CŒURS D'ARTICHAUTS,Surgelés,3500,TAFTAF,2026-03-11
TOMATES SÉCHÉES,Surgelés,3000,TAFTAF,2026-03-11
JALAPEÑOS BURCU,Surgelés,3000,TAFTAF,2026-03-11
SARDINES À L'HUILE VÉGÉTALE,Surgelés,500,TAFTAF,2026-03-11
SARDINES AU PIMENT BELLE FRANCE,Surgelés,1500,TAFTAF,2026-03-11
SARDINES À L'HUILE BELLE FRANCE,Surgelés,1500,TAFTAF,2026-03-11
PÂTÉ AU THON SCASA,Surgelés,1500,TAFTAF,2026-03-11
THON ALBACORE AU NATUREL,Surgelés,1000,TAFTAF,2026-03-11
DUO THON AU NATUREL,Surgelés,1500,TAFTAF,2026-03-11
THON ENTIER AU NATUREL,Surgelés,2000,TAFTAF,2026-03-11
THON ENTIER À L'HUILE D'OLIVE,Surgelés,2500,TAFTAF,2026-03-11
EMIETTÉ DE THON AU BASILIC,Surgelés,2500,TAFTAF,2026-03-11
RILLETTES DE SAUMON PETIT NAVIRE,Surgelés,3000,TAFTAF,2026-03-11
PÂTÉ DE SARDINELLE PINTON,Surgelés,1500,TAFTAF,2026-03-11
CŒURS DE PALMIER,Surgelés,3000,TAFTAF,2026-03-11
MAÏS ULTRA CROQUANT D'AUCY,Surgelés,2000,TAFTAF,2026-03-11
PETITS POIS EXTRA-FINS D'AUCY,Surgelés,2000,TAFTAF,2026-03-11
HARICOTS VERTS FINS D'AUCY,Surgelés,2000,TAFTAF,2026-03-11
PETITS POIS ET CAROTTES TRÈS FINS,Surgelés,1500,TAFTAF,2026-03-11
MACÉDOINE DE LÉGUMES,Surgelés,1500,TAFTAF,2026-03-11
CHAMPIGNONS DE PARIS ÉMINCÉS,Surgelés,2000,TAFTAF,2026-03-11
ANANAS EN TRANCHES DOLE,Surgelés,2500,TAFTAF,2026-03-11
SOUPE À L'OIGNON MAGGI,Surgelés,1500,TAFTAF,2026-03-11
HEINZ BEANZ,Surgelés,2000,TAFTAF,2026-03-11
"PACK DE KIRÈNE 1,5L",Surgelés,3000,TAFTAF,2026-03-11
PACK DE KIRÈNE 50CL,Surgelés,3500,TAFTAF,2026-03-11
PACK DE KIRÈNE PÉTILLANTE,Surgelés,4500,TAFTAF,2026-03-11
"PACK DE CASAMANÇAISE 0,33L",Surgelés,1500,TAFTAF,2026-03-11
"PACK DE CASAMANÇAISE 1,5L",Surgelés,3000,TAFTAF,2026-03-11
CASAMANÇAISE 10L,Surgelés,2000,TAFTAF,2026-03-11
BIDON 11L SAMA'O,Surgelés,1500,TAFTAF,2026-03-11
PACK DE CRISTALINE,Surgelés,4500,TAFTAF,2026-03-11
PACK DE CRISTALINE PÊCHE,Surgelés,4500,TAFTAF,2026-03-11
PACK DE PERRIER CITRON VERT,Surgelés,7000,TAFTAF,2026-03-11
PACK TROPICO ORIGINAL,Surgelés,4500,TAFTAF,2026-03-11
PACK OASIS TROPICAL,Surgelés,5000,TAFTAF,2026-03-11
PACK OASIS POMME CASSIS FRAMBOISE,Surgelés,5000,TAFTAF,2026-03-11
MINI OASIS TROPICAL,Surgelés,5000,TAFTAF,2026-03-11
SIROP OASIS ANANAS-PÊCHE,Surgelés,4000,TAFTAF,2026-03-11
SIROP DE MENTHE DUVAL,Surgelés,2500,TAFTAF,2026-03-11
SIROP DE GRENADINE DUVAL,Surgelés,2500,TAFTAF,2026-03-11
SIROP OASIS MENTHE-CITRON,Surgelés,3500,TAFTAF,2026-03-11
NECTAR TROPICAL CASAMANÇAISE,Surgelés,1500,TAFTAF,2026-03-11
JUS DE DITAX CASAMANÇAISE,Surgelés,2500,TAFTAF,2026-03-11
JUS BISSAP-MENTHE CASAMANÇAISE,Surgelés,2000,TAFTAF,2026-03-11
JUS BOUYE-GINGEMBRE CASAMANÇAISE,Surgelés,2000,TAFTAF,2026-03-11
LES JUS CASAMANÇAISE,Surgelés,5000,TAFTAF,2026-03-11
JUS LOCAUX CASAMANÇAISE,Surgelés,3500,TAFTAF,2026-03-11
JUS BISSAP-MENTHE,Surgelés,1500,TAFTAF,2026-03-11
JUS DE DITAKH,Surgelés,2000,TAFTAF,2026-03-11
JUS BOUYE-FRAISE,Surgelés,2000,TAFTAF,2026-03-11
JUS BOUYE-COROSSOL,Surgelés,2000,TAFTAF,2026-03-11
PRÉSSÉA PASSION,Surgelés,2500,TAFTAF,2026-03-11
PRÉSSÉA MULTIFRUITS,Surgelés,2500,TAFTAF,2026-03-11
PACK DE CAPRI-SUN MULTI-VITAMIN,Surgelés,6000,TAFTAF,2026-03-11
PACK DE CAPRI-SUN TROPICAL,Surgelés,6000,TAFTAF,2026-03-11
PACK COCA-COLA EN BOUTEILLES,Surgelés,3500,TAFTAF,2026-03-11
PACK DE COCA PET (12X 30CL),Surgelés,3000,TAFTAF,2026-03-11
PACK DE SPRITE PET (12X 30CL),Surgelés,3000,TAFTAF,2026-03-11
"PACK DE COCA-COLA 1,25L",Surgelés,6000,TAFTAF,2026-03-11
"PACK DE SPRITE 1,25L",Surgelés,6000,TAFTAF,2026-03-11
PACK FANTA ORANGE (IMPORTÉ),Surgelés,4000,TAFTAF,2026-03-11
PACK DE COCA-COLA,Surgelés,9000,TAFTAF,2026-03-11
PACK DE SPRITE,Surgelés,9000,TAFTAF,2026-03-11
PACK DE FANTA FRUITS ROUGES,Surgelés,9000,TAFTAF,2026-03-11
FRUIT SHOOT TESSEIRE,Surgelés,3500,TAFTAF,2026-03-11
PUR JUS D'ANANAS DU BÉNIN,Surgelés,2000,TAFTAF,2026-03-11
LAIT D'AMANDE,Surgelés,2500,TAFTAF,2026-03-11
LAIT DE SOJA,Surgelés,2000,TAFTAF,2026-03-11
BOISSON VÉGÉTALE À L'AVOINE,Surgelés,3000,TAFTAF,2026-03-11
LAIT AROMATISÉ À LA VANILLE,Surgelés,1500,TAFTAF,2026-03-11
LAIT AROMATISÉ AU CHOCOLAT,Surgelés,1500,TAFTAF,2026-03-11
SAC CABAS AFRIQUE,Surgelés,1000,TAFTAF,2026-03-11
SAC ISOTHERME,Surgelés,1500,TAFTAF,2026-03-11
CHOCOLAT EN POUDRE NESQUIK,Surgelés,2500,TAFTAF,2026-03-11
LAIT LAICRAN 200G,Surgelés,1500,TAFTAF,2026-03-11
CHAPELET LAICRAN (10X 20G),Surgelés,2000,TAFTAF,2026-03-11
LAIT ENTIER LAICRAN,Surgelés,2500,TAFTAF,2026-03-11
LAICRAN 50CL,Surgelés,1000,TAFTAF,2026-03-11
LAIT CONCENTRÉ LAICRAN,Surgelés,500,TAFTAF,2026-03-11
LAIT DEMI-ÉCRÉMÉ CANDIA,Surgelés,1500,TAFTAF,2026-03-11
LAIT ENTIER CANDIA,Surgelés,1500,TAFTAF,2026-03-11
LAIT BRIDEL 50CL,Surgelés,1500,TAFTAF,2026-03-11
LAIT DEMI-ÉCRÉMÉ PRÉSIDENT,Surgelés,2500,TAFTAF,2026-03-11
LAIT ENTIER PRÉSIDENT,Surgelés,2500,TAFTAF,2026-03-11
PACK DE LAIT DEMI-ÉCRÉMÉ PRÉSIDENT,Surgelés,12000,TAFTAF,2026-03-11
PACK DE LAIT ENTIER PRÉSIDENT,Surgelés,12000,TAFTAF,2026-03-11
LAIT CONCENTRÉ GLORIA,Surgelés,1000,TAFTAF,2026-03-11
NUTELLA 180G,Surgelés,2500,TAFTAF,2026-03-11
PÂTE À TARTINER NUTELLA,Surgelés,3500,TAFTAF,2026-03-11
NUTELLA 750G,Surgelés,6000,TAFTAF,2026-03-11
CREMA PISTACHE,Surgelés,5000,TAFTAF,2026-03-11
CREMA NOISETTE,Surgelés,3500,TAFTAF,2026-03-11
CREMA CARAMEL BEURRE SALÉ,Surgelés,3500,TAFTAF,2026-03-11
EL MORDJENE 350G,Surgelés,5500,TAFTAF,2026-03-11
EL MORDJENE 700G,Surgelés,8000,TAFTAF,2026-03-11
BEURRE DE CACAHUÈTES,Surgelés,3000,TAFTAF,2026-03-11
CONFITURE DE FRAISES BONNE MAMAN,Surgelés,2500,TAFTAF,2026-03-11
CONFITURE D'ABRICOTS BONNE MAMAN,Surgelés,2500,TAFTAF,2026-03-11
BISCOTTES HEUDEBERT PLEINE VIE,Surgelés,2500,TAFTAF,2026-03-11
KRISPROLLS DORÉS,Surgelés,3000,TAFTAF,2026-03-11
PETITS PAINS GRILLÉS À LA FARINE COMPLÈTE,Surgelés,2500,TAFTAF,2026-03-11
SIROP D'ÉRABLE MAPLE JOE,Surgelés,6000,TAFTAF,2026-03-11
AVOINE EN FLOCONS EVERYDAY,Surgelés,1500,TAFTAF,2026-03-11
SUCRE EN MORCEAUX DADDY,Surgelés,1500,TAFTAF,2026-03-11
SUCRE DE CANNE EN MORCEAUX LA PERRUCHE,Surgelés,3000,TAFTAF,2026-03-11
SUCRE EN POUDRE SAINT LOUIS,Surgelés,2000,TAFTAF,2026-03-11
SUCRE EN BÛCHETTES SAINT LOUIS,Surgelés,2500,TAFTAF,2026-03-11
SUCRE EN MORCEAUX SOUKI,Surgelés,1000,TAFTAF,2026-03-11
SUCRE EN POUDRE SOUKI (5KG),Surgelés,4000,TAFTAF,2026-03-11
EDULCORANTS,Surgelés,2000,TAFTAF,2026-03-11
PAPIER ALUMINIUM,Surgelés,2000,TAFTAF,2026-03-11
FILM FRAÎCHEUR FALCON,Surgelés,1500,TAFTAF,2026-03-11
FILM FRAÎCHEUR ALBAL,Surgelés,2500,TAFTAF,2026-03-11
CERELAC (BOÎTE DE 200G),Surgelés,1500,TAFTAF,2026-03-11
CERELAC (POT DE 400G),Surgelés,3500,TAFTAF,2026-03-11
POTS BLÉDINA 4-6 MOIS,Surgelés,3500,TAFTAF,2026-03-11
BUBBLE TEA LITCHI ET FRUITS DE LA PASSION,Soft Drinks,5000,TAFTAF,2026-03-11
JUS BISSAP-MENTHE 200ML,Soft Drinks,500,TAFTAF,2026-03-11
NECTAR D'ANANAS 200ML,Soft Drinks,500,TAFTAF,2026-03-11
NECTAR TROPICAL 200ML,Soft Drinks,500,TAFTAF,2026-03-11
MINUTE MAID ORANGE 25CL,Soft Drinks,500,TAFTAF,2026-03-11
MINUTE MAID TROPICAL 25CL,Soft Drinks,500,TAFTAF,2026-03-11
MINUTE MAID MANGUE-POMME 25CL,Soft Drinks,500,TAFTAF,2026-03-11
COCA-COLA 33CL,Soft Drinks,1000,TAFTAF,2026-03-11
COCA ZERO 33CL,Soft Drinks,1000,TAFTAF,2026-03-11
CHERRY COKE 33CL,Soft Drinks,1000,TAFTAF,2026-03-11
SPRITE 33CL,Soft Drinks,1000,TAFTAF,2026-03-11
SPRITE ZÉRO 33CL,Soft Drinks,1000,TAFTAF,2026-03-11
SCHWEPPES CITRON 25CL,Soft Drinks,1000,TAFTAF,2026-03-11
SCHWEPPES AGRUMES 25CL,Soft Drinks,1000,TAFTAF,2026-03-11
"DR. PEPPER 35,5CL",Soft Drinks,1000,TAFTAF,2026-03-11
"CANADA DRY 35,5CL",Soft Drinks,1000,TAFTAF,2026-03-11
SUNKIST ORANGE,Soft Drinks,1000,TAFTAF,2026-03-11
ORANGINA 25CL,Soft Drinks,1000,TAFTAF,2026-03-11
CAPRI-SUN MULTI VITAMIN,Soft Drinks,1000,TAFTAF,2026-03-11
CAPRI-SUN TROPICAL,Soft Drinks,1000,TAFTAF,2026-03-11
OASIS TROPICAL 33CL,Soft Drinks,1000,TAFTAF,2026-03-11
OASIS POMME CASSIS FRAMBOISE,Soft Drinks,1000,TAFTAF,2026-03-11
TROPICO,Soft Drinks,1000,TAFTAF,2026-03-11
CRISTALINE PÊCHE,Soft Drinks,1000,TAFTAF,2026-03-11
LAIT VANILLE JET,Soft Drinks,500,TAFTAF,2026-03-11
SUNNYD,Soft Drinks,1000,TAFTAF,2026-03-11
JUS DE POMME APPLE & EVE,Soft Drinks,1000,TAFTAF,2026-03-11
ORANGE SUNRISE APPLE & EVE,Soft Drinks,1000,TAFTAF,2026-03-11
JUS DE RAISIN WELCH'S,Soft Drinks,1000,TAFTAF,2026-03-11
COCKTAIL DE FRUITS WELCH'S,Soft Drinks,1000,TAFTAF,2026-03-11
JUS ORANGE-ANANAS WELCH'S,Soft Drinks,1000,TAFTAF,2026-03-11
JUS D'ANANAS,Soft Drinks,1000,TAFTAF,2026-03-11
PUR JUS D'ANANAS EN CANETTE,Soft Drinks,1000,TAFTAF,2026-03-11
COCKTAIL DE FRUITS IRA,Soft Drinks,1000,TAFTAF,2026-03-11
PERRIER BOUTEILLE 20CL,Soft Drinks,1000,TAFTAF,2026-03-11
PERRIER CITRON VERT 25CL,Soft Drinks,1000,TAFTAF,2026-03-11
KIRÈNE 50CL,Soft Drinks,500,TAFTAF,2026-03-11
"COCA-COLA 1,25L",Soft Drinks,2000,TAFTAF,2026-03-11
"SPRITE 1,25L",Soft Drinks,2000,TAFTAF,2026-03-11
"SCHWEPPES AGRUMES 1,25L",Soft Drinks,2000,TAFTAF,2026-03-11
"KIRÈNE 1,5L",Soft Drinks,1000,TAFTAF,2026-03-11
"CASAMANÇAISE 1,5L",Soft Drinks,1000,TAFTAF,2026-03-11
"CRISTALINE 1,5L",Soft Drinks,1500,TAFTAF,2026-03-11
KIRÈNE PÉTILLANTE 75CL,Soft Drinks,1000,TAFTAF,2026-03-11
EAU MINÉRALE CONTREX,Soft Drinks,2000,TAFTAF,2026-03-11
BUBBLE TEA PÊCHE,Soft Drinks,1500,TAFTAF,2026-03-11
BUBBLE TEA MANGUE,Soft Drinks,1500,TAFTAF,2026-03-11
TONIC PÉTILLANT,Soft Drinks,1500,TAFTAF,2026-03-11
ARIZONA WATERMELON,Soft Drinks,1500,TAFTAF,2026-03-11
ARIZONA MUCHO MANGO,Soft Drinks,1500,TAFTAF,2026-03-11
ARIZONA FRUIT PUNCH,Soft Drinks,1500,TAFTAF,2026-03-11
PRIME ICE POP,Soft Drinks,2000,TAFTAF,2026-03-11
LAIT AU CHOCOLAT NESQUIK,Soft Drinks,1500,TAFTAF,2026-03-11
GLAÇONS ALIMENTAIRES,Soft Drinks,1500,TAFTAF,2026-03-11
NESPRESSO RISTRETTO,Soft Drinks,4500,TAFTAF,2026-03-11
NESPRESSO NAPOLI,Soft Drinks,4500,TAFTAF,2026-03-11
NESPRESSO VOLLUTO,Soft Drinks,4500,TAFTAF,2026-03-11
NECTAR D'ANANAS PRÉSSÉA,Soft Drinks,1500,TAFTAF,2026-03-11
NECTAR D'ORANGE AVEC PULPE CASAMANÇAISE,Soft Drinks,1500,TAFTAF,2026-03-11
NECTAR D'ANANAS CASAMANÇAISE,Soft Drinks,1500,TAFTAF,2026-03-11
PORTE-CLÉS DÉCAPSULEUR COCA-COLA,Soft Drinks,1000,TAFTAF,2026-03-11
DÉCAPSULEUR BOIS COCA-COLA,Soft Drinks,1500,TAFTAF,2026-03-11
PAILLES EN PAPIER,Soft Drinks,1500,TAFTAF,2026-03-11
3X ENERGY,Soft Drinks,500,TAFTAF,2026-03-11
RED BULL ENERGY DRINK,Soft Drinks,1500,TAFTAF,2026-03-11
MONSTER ENERGY,Soft Drinks,2000,TAFTAF,2026-03-11
PACK DE RED BULL,Soft Drinks,5000,TAFTAF,2026-03-11
GOLDEN MUESLI NOIX DE PÉCAN ET NOIX DU BRÉSIL,Café & Lait,3500,TAFTAF,2026-03-11
NESPRESSO ROMA,Café & Lait,4500,TAFTAF,2026-03-11
NESPRESSO COSI,Café & Lait,4500,TAFTAF,2026-03-11
STARBUCKS HOUSE BLEND LUNGO,Café & Lait,4500,TAFTAF,2026-03-11
MAXI PACK L'OR RISTRETTO (50 CAPSULES),Café & Lait,16000,TAFTAF,2026-03-11
CAFÉ TOUBA EN CAPSULES,Café & Lait,3500,TAFTAF,2026-03-11
NESCAFÉ SPÉCIAL FILTRE EN STICKS,Café & Lait,2000,TAFTAF,2026-03-11
CAFÉ L'OR EN STICKS,Café & Lait,2500,TAFTAF,2026-03-11
CAFÉ NES EN STICKS,Café & Lait,3000,TAFTAF,2026-03-11
CAFÉ CARTE NOIRE EN STICKS,Café & Lait,3000,TAFTAF,2026-03-11
STICKS CAPPUCCINO NESCAFÉ,Café & Lait,4000,TAFTAF,2026-03-11
CAFÉ PRÉ-DOSÉ L'OR,Café & Lait,500,TAFTAF,2026-03-11
NESCAFÉ CLASSIC,Café & Lait,3000,TAFTAF,2026-03-11
NESCAFÉ CLASSIC EN STICKS,Café & Lait,7000,TAFTAF,2026-03-11
CAFÉ SOLUBLE MAXWELL,Café & Lait,4000,TAFTAF,2026-03-11
CAFÉ SOLUBLE L'OR,Café & Lait,4500,TAFTAF,2026-03-11
CAFÉ SOLUBLE CARTE NOIRE,Café & Lait,5500,TAFTAF,2026-03-11
CAFÉ NES,Café & Lait,3500,TAFTAF,2026-03-11
CAFÉ LAVAZZA IL MATINO,Café & Lait,3500,TAFTAF,2026-03-11
CREAMERS COFFEE MATE X2,Café & Lait,500,TAFTAF,2026-03-11
AGITATEURS BOIS,Café & Lait,500,TAFTAF,2026-03-11
THÉ VERT À LA MENTHE,Café & Lait,2000,TAFTAF,2026-03-11
THÉ TWININGS EARL GREY,Café & Lait,3000,TAFTAF,2026-03-11
THÉ VERT À LA MENTHE TWININGS,Café & Lait,3000,TAFTAF,2026-03-11
THÉ VERT INSTANTANÉ À LA MENTHE (SANS SUCRE),Café & Lait,3000,TAFTAF,2026-03-11
THÉ VERT INSTANTANÉ À LA MENTHE (SUCRÉ),Café & Lait,3000,TAFTAF,2026-03-11
INFUSION RÉGLISSE-MENTHE,Café & Lait,2000,TAFTAF,2026-03-11
CHOCOLAT EN POUDRE BENCO,Café & Lait,3500,TAFTAF,2026-03-11
CHOCOLAT MALTÉ OVALTINE,Café & Lait,3500,TAFTAF,2026-03-11
EL MORDJENE 200G,Café & Lait,3500,TAFTAF,2026-03-11
CONFITURES VALADE,Café & Lait,500,TAFTAF,2026-03-11
LUNE DE MIEL (PORTION INDIVIDUELLE),Café & Lait,500,TAFTAF,2026-03-11
LUNE DE MIEL (3 PORTIONS),Café & Lait,1000,TAFTAF,2026-03-11
CÉRÉALES LION,Café & Lait,3500,TAFTAF,2026-03-11
CÉRÉALES CRUNCH,Café & Lait,3500,TAFTAF,2026-03-11
CÉRÉALES GOLDEN GRAHAMS,Café & Lait,3500,TAFTAF,2026-03-11
FLOCONS D'AVOINE QUAKER,Café & Lait,2500,TAFTAF,2026-03-11
SUCRE EN BÛCHETTES SOUKI,Café & Lait,1500,TAFTAF,2026-03-11
MUG BICOLORE ROUGE-BLANC,Café & Lait,1000,TAFTAF,2026-03-11
DENTIFRICE CREST CAVITY PROTECTION,USA,2000,TAFTAF,2026-03-11
BOISSON NUTRITIVE ENSURE,USA,2000,TAFTAF,2026-03-11
ENSURE PLUS,USA,2500,TAFTAF,2026-03-11
DÉSODORISANT AIR WICK SOLEIL DE MÉDITERRANÉE,Entretien,1000,TAFTAF,2026-03-11
PAPIER TOILETTE DOUBLE ÉPAISSEUR,Entretien,1000,TAFTAF,2026-03-11
PAPIER TOILETTE STRONG 300,Entretien,2000,TAFTAF,2026-03-11
PAPIER TOILETTE 3 PLIS,Entretien,3000,TAFTAF,2026-03-11
PAPIER TOILETTE MOLTONEL,Entretien,4000,TAFTAF,2026-03-11
ESSUIE TOUT SUPER ABSORBANT,Entretien,3500,TAFTAF,2026-03-11
ESSUIE-TOUT STRONG 75,Entretien,2500,TAFTAF,2026-03-11
ESSUIE-TOUT ULTRA XXXL,Entretien,2500,TAFTAF,2026-03-11
BOBINE ESSUIE-TOUT STRONG 107,Entretien,3500,TAFTAF,2026-03-11
MOUCHOIRS BLANCS EXTRA-DOUX (BLEU),Entretien,1000,TAFTAF,2026-03-11
BOÎTE DE MOUCHOIRS LUCART,Entretien,1000,TAFTAF,2026-03-11
MOUCHOIRS DOUX ET RÉSISTANTS,Entretien,1500,TAFTAF,2026-03-11
LESSIVE MONO-DOSE TIDE,Entretien,1000,TAFTAF,2026-03-11
LESSIVE MONO-DOSE TIDE X3,Entretien,2000,TAFTAF,2026-03-11
SAVONS DE MÉNAGE PERSAVON,Entretien,2500,TAFTAF,2026-03-11
LESSIVE MADAR PLATINUM,Entretien,1500,TAFTAF,2026-03-11
LESSIVE EN POUDRE OMO,Entretien,1500,TAFTAF,2026-03-11
POUDRE GÉNIE SANS FROTTER,Entretien,2500,TAFTAF,2026-03-11
LESSIVE GÉNIE LAINE & SOIE,Entretien,3500,TAFTAF,2026-03-11
LESSIVE LIQUIDE X.TRA 4+1,Entretien,8000,TAFTAF,2026-03-11
LESSIVE LIQUIDE SKIP SENSITIVE,Entretien,8500,TAFTAF,2026-03-11
LESSIVE EN CAPSULES ARIEL,Entretien,7000,TAFTAF,2026-03-11
CAPSULES SUPER CROIX BORA BORA,Entretien,9000,TAFTAF,2026-03-11
LESSIVE EN CAPSULES LE CHAT,Entretien,10000,TAFTAF,2026-03-11
ADOUCISSANT FRAÎCHEUR DE PRINTEMPS,Entretien,1500,TAFTAF,2026-03-11
ADOUCISSANT SOUPLINE LAVANDE,Entretien,4000,TAFTAF,2026-03-11
ADOUCISSANT CAJOLINE,Entretien,4500,TAFTAF,2026-03-11
LINGETTES ANTI-DÉCOLORATION,Entretien,1500,TAFTAF,2026-03-11
MADAR RENZO 200ML,Entretien,500,TAFTAF,2026-03-11
LIQUIDE VAISSELLE MADAR,Entretien,1000,TAFTAF,2026-03-11
MADAR RENZO PLATINUM,Entretien,1500,TAFTAF,2026-03-11
BIDON DE MADAR RENZO,Entretien,4500,TAFTAF,2026-03-11
LIQUIDE VAISSELLE PEAUX SENSIBLES,Entretien,1500,TAFTAF,2026-03-11
MIR MENTHE & CITRON VERT,Entretien,1500,TAFTAF,2026-03-11
MIR FRAMBOISE & GROSEILLE,Entretien,2000,TAFTAF,2026-03-11
TABLETTES VAISSELLE FAIRY PLATINUM PLUS,Entretien,6500,TAFTAF,2026-03-11
EAU DE JAVEL LA CROIX,Entretien,1000,TAFTAF,2026-03-11
"EAU DE JAVEL LA CROIX 1,5L",Entretien,2000,TAFTAF,2026-03-11
EAU DE JAVEL LA CROIX 5L,Entretien,4500,TAFTAF,2026-03-11
PISTOLET ST MARC MULTI-USAGES,Entretien,2500,TAFTAF,2026-03-11
LINGETTES ANTI-BACTÉRIENNES ST-MARC,Entretien,2000,TAFTAF,2026-03-11
PACK DÉSINFECTANT ST-MARC,Entretien,4000,TAFTAF,2026-03-11
NETTOYANT VITRES,Entretien,1500,TAFTAF,2026-03-11
NETTOYANT VITRE AJAX TRIPLE ACTION,Entretien,2500,TAFTAF,2026-03-11
NETTOYANT MULTI-SURFACES,Entretien,1500,TAFTAF,2026-03-11
CAROLIN SAVON NOIR,Entretien,2500,TAFTAF,2026-03-11
NETTOYANT MULTI-USAGES MR. PROPRE,Entretien,3500,TAFTAF,2026-03-11
GALETS HYGIÈNE HARPIC,Entretien,2000,TAFTAF,2026-03-11
BREF WC POWER ACTIV',Entretien,2500,TAFTAF,2026-03-11
DÉSODORISANT LAVANDE GLADE,Entretien,2000,TAFTAF,2026-03-11
DÉSODORISANT GLADE MUGUET,Entretien,2000,TAFTAF,2026-03-11
DÉSODORISANT AIR WICK FLEUR DE COTON,Entretien,3000,TAFTAF,2026-03-11
PACK DÉSODORISANT AIR WICK,Entretien,5000,TAFTAF,2026-03-11
TERRINE AU POULET POUR CHIENS,Entretien,1000,TAFTAF,2026-03-11
TERRINE AU BŒUF POUR CHIENS,Entretien,1000,TAFTAF,2026-03-11
TERRINE CÉSAR AU POULET GRILLÉ,Entretien,2000,TAFTAF,2026-03-11
BOUCHÉES AU BŒUF POUR CHIENS,Entretien,2500,TAFTAF,2026-03-11
BOUCHÉES À LA VOLAILLE POUR CHIENS,Entretien,2500,TAFTAF,2026-03-11
BOUCHÉES EN SAUCE POUR CHIENS,Entretien,2500,TAFTAF,2026-03-11
TERRINE AU SAUMON POUR CHATS,Entretien,500,TAFTAF,2026-03-11
TERRINE RICHE EN BŒUF POUR CHATS,Entretien,500,TAFTAF,2026-03-11
TERRINE VOLAILLE ET FOIE POUR CHATS,Entretien,500,TAFTAF,2026-03-11
EMINCÉS EN GELÉE POUR CHATS,Entretien,1000,TAFTAF,2026-03-11
EMINCÉS SAUMON-CABILLAUD POUR CHATS,Entretien,1000,TAFTAF,2026-03-11
FELIX ORIGINAL,Entretien,2500,TAFTAF,2026-03-11
CROQUETTES AU POISSON POUR CHATS ADULTES,Entretien,4000,TAFTAF,2026-03-11
CROQUETTES BREKKIES DELICE,Entretien,5000,TAFTAF,2026-03-11
CROQUETTES BREKKIES ROLLS,Entretien,5000,TAFTAF,2026-03-11
CROQUETTES POUR CHATS ADULTES FRISKIES,Entretien,6000,TAFTAF,2026-03-11
CROQUETTES POUR CHATONS FRISKIES,Entretien,7000,TAFTAF,2026-03-11
LITIÈRE POUR CHATS WOOW,Entretien,3000,TAFTAF,2026-03-11
LITIÈRE POUR CHATS,Entretien,4000,TAFTAF,2026-03-11
LITIÈRE ANTI-ODEURS AU BICARBONATE,Entretien,5000,TAFTAF,2026-03-11
COLLIER INSECTIFUGE POUR CHATS,Entretien,3000,TAFTAF,2026-03-11
SACS POUBELLE CLASSIQUES 30L,Entretien,1500,TAFTAF,2026-03-11
SACS POUBELLE CLASSIQUES 50L,Entretien,1500,TAFTAF,2026-03-11
SACS POUBELLE CLASSIQUES 100L,Entretien,2000,TAFTAF,2026-03-11
SACS POUBELLE CLASSIQUES 130L,Entretien,3000,TAFTAF,2026-03-11
SACS POUBELLE 100L HANDY BAG,Entretien,3000,TAFTAF,2026-03-11
BALAI MADE IN ITALY,Entretien,4500,TAFTAF,2026-03-11
CORDE ET PINCES À LINGE,Entretien,3000,TAFTAF,2026-03-11
TORCHONS DE CUISINE X2,Entretien,3000,TAFTAF,2026-03-11
GANTS DE MÉNAGE,Entretien,2000,TAFTAF,2026-03-11
SERPILLIÈRE MADE IN FRANCE,Entretien,2000,TAFTAF,2026-03-11
CARRÉS VAISSELLE,Entretien,1500,TAFTAF,2026-03-11
TAMPONS À RÉCURER,Entretien,1500,TAFTAF,2026-03-11
ÉPONGES GRATTANTES,Entretien,1500,TAFTAF,2026-03-11
SPIRALES INOX,Entretien,1500,TAFTAF,2026-03-11
DÉBOUCHEUR LIQUIDE,Entretien,2000,TAFTAF,2026-03-11
BAYGON MULTI-INSECTES,Entretien,2000,TAFTAF,2026-03-11
RAID MOUCHES ET MOUSTIQUES,Entretien,3000,TAFTAF,2026-03-11
"RAID FOURMIS, ARAIGNÉES ET CAFARDS",Entretien,3000,TAFTAF,2026-03-11
SPIRALES ANTI-MOUSTIQUES SURACTIVÉES,Entretien,1000,TAFTAF,2026-03-11
PRISE ANTI-MOUSTIQUES CATCH EXPERT,Entretien,5500,TAFTAF,2026-03-11
COLLE POUR RONGEURS,Entretien,2000,TAFTAF,2026-03-11
AMPOULE LED E14 OSRAM,Entretien,3000,TAFTAF,2026-03-11
AMPOULE LED E27 OSRAM,Entretien,3000,TAFTAF,2026-03-11
AMPOULE LED B22 OSRAM,Entretien,3000,TAFTAF,2026-03-11
BLOC MULTIPRISE,Entretien,2500,TAFTAF,2026-03-11
ADAPTATEUR PRISE US,Entretien,2000,TAFTAF,2026-03-11
TIRE-BOUCHON LIMONADIER INOX,Entretien,2000,TAFTAF,2026-03-11
KIT OUTILS INGCO,Entretien,10000,TAFTAF,2026-03-11
MÈTRE À RUBAN INGCO 3M,Entretien,3000,TAFTAF,2026-03-11
RUBAN ADHÉSIF ISOLANT,Entretien,500,TAFTAF,2026-03-11
"T-SHIRT CAR RAPIDE (FEMME, TAILLE S)",Entretien,15000,TAFTAF,2026-03-11
"T-SHIRT CAR RAPIDE (FEMME, TAILLE M)",Entretien,15000,TAFTAF,2026-03-11
"T-SHIRT CAR RAPIDE (HOMME, TAILLE M)",Entretien,15000,TAFTAF,2026-03-11
"T-SHIRT CAR RAPIDE (HOMME, TAILLE L)",Entretien,15000,TAFTAF,2026-03-11
SERVIETTES EN PAPIER,Entretien,1000,TAFTAF,2026-03-11
ASSIETTES JETABLES,Entretien,2000,TAFTAF,2026-03-11
KIT COUVERTS EN BAMBOU,Entretien,500,TAFTAF,2026-03-11
BOUGIES ÉTINCELANTES,Entretien,3500,TAFTAF,2026-03-11
PÉTARDS POP POP,Entretien,500,TAFTAF,2026-03-11
JEU DE 54 CARTES,Entretien,4000,TAFTAF,2026-03-11
SKYJO,Entretien,15000,TAFTAF,2026-03-11
STICK MAQUILLAGE SÉNÉGAL,Entretien,1500,TAFTAF,2026-03-11
DRAPEAU DU SÉNÉGAL,Entretien,2500,TAFTAF,2026-03-11
ECHARPE SÉNÉGAL,Entretien,2500,TAFTAF,2026-03-11
TOUR DE COU SÉNÉGAL,Entretien,2000,TAFTAF,2026-03-11
PACK SUPPORTER SÉNÉGAL,Entretien,7500,TAFTAF,2026-03-11
MOUCHOIRS DE POCHE,Entretien,1000,TAFTAF,2026-03-11
CARTON DE DÉMÉNAGEMENT,Entretien,2000,TAFTAF,2026-03-11
RUBAN ADHÉSIF TRANSPARENT,Entretien,2500,TAFTAF,2026-03-11
CADENAS,Entretien,1500,TAFTAF,2026-03-11
POUBELLE À PÉDALE 3L,Entretien,6000,TAFTAF,2026-03-11
HUILE SYNTHÉTIQUE 4T (MOTOS ET SCOOTERS),Entretien,4000,TAFTAF,2026-03-11
KIT DOUCHETTE,Entretien,5000,TAFTAF,2026-03-11
LUBRIFIANT POUR CHAÎNES (VÉLOS ET MOTOS),Entretien,8000,TAFTAF,2026-03-11
CHARBON DE BOIS,Entretien,1000,TAFTAF,2026-03-11
PAPIER D'IMPRESSION EZ PAPER,Entretien,3500,TAFTAF,2026-03-11
RAMETTE DE PAPIER A4,Entretien,4500,TAFTAF,2026-03-11
PETIT CAHIER CONQUÉRANT,Entretien,1500,TAFTAF,2026-03-11
GRAND CAHIER CONQUÉRANT,Entretien,2000,TAFTAF,2026-03-11
LUTIN EXACOMPTA 80 VUES,Entretien,2500,TAFTAF,2026-03-11
CLASSEUR SOUPLE A4 EXACOMPTA,Entretien,2000,TAFTAF,2026-03-11
COPIES DOUBLES A4 GRANDS CARREAUX,Entretien,2500,TAFTAF,2026-03-11
ENVELOPPES AUTO-ADHÉSIVES,Entretien,1500,TAFTAF,2026-03-11
ENVELOPPES KRAFT A4,Entretien,2000,TAFTAF,2026-03-11
SCHOOL PACK MAPED,Entretien,4000,TAFTAF,2026-03-11
BIC 4 COULEURS ORIGINAL,Entretien,1500,TAFTAF,2026-03-11
STYLO BIC 4 COULEURS VELOURS,Entretien,2500,TAFTAF,2026-03-11
STYLO BIC 4 COULEURS SHINE X3,Entretien,4000,TAFTAF,2026-03-11
CRAYONS À PAPIER BIC EVOLUTION,Entretien,1000,TAFTAF,2026-03-11
CRAYONS À PAPIER AVEC GOMME,Entretien,1000,TAFTAF,2026-03-11
CRAYONS DE COULEUR BIC KIDS,Entretien,1500,TAFTAF,2026-03-11
GOMME PLAST-OFFICE,Entretien,500,TAFTAF,2026-03-11
VELLEDA BLEU,Entretien,1000,TAFTAF,2026-03-11
FEUTRES LARGES VELLEDA,Entretien,2500,TAFTAF,2026-03-11
FEUTRES BIC KIDS,Entretien,2500,TAFTAF,2026-03-11
SURLIGNEUR JAUNE BIC,Entretien,1000,TAFTAF,2026-03-11
SURLIGNEURS BIC,Entretien,3000,TAFTAF,2026-03-11
BOÎTE DE STYLOS BIC CRISTAL NOIR,Entretien,1000,TAFTAF,2026-03-11
STYLOS BIC BLEUS,Entretien,1000,TAFTAF,2026-03-11
BÂTON DE COLLE BIC,Entretien,500,TAFTAF,2026-03-11
COLLE BLANCHE LIQUIDE BIC,Entretien,1500,TAFTAF,2026-03-11
RUBAN CORRECTEUR TIPP-EX,Entretien,1500,TAFTAF,2026-03-11
MARQUEUR PERMANENT ROUGE,Entretien,500,TAFTAF,2026-03-11
BOÎTE DE MARQUEURS BIC,Entretien,5000,TAFTAF,2026-03-11
CISEAUX BOUTS ARRONDIS MAPED,Entretien,1500,TAFTAF,2026-03-11
KIT DE GÉOMÉTRIE MAPED,Entretien,1500,TAFTAF,2026-03-11
KIT DE TRAÇAGE INCASSABLE MAPED,Entretien,2000,TAFTAF,2026-03-11
NOTES ADHÉSIVES,Entretien,500,TAFTAF,2026-03-11
PASTILLES ADHÉSIVES UHU PATAFIX,Entretien,2500,TAFTAF,2026-03-11
AGRAFES 24/6,Entretien,500,TAFTAF,2026-03-11
ELASTIQUES,Entretien,1500,TAFTAF,2026-03-11
SACHETS À GLAÇONS,Entretien,1500,TAFTAF,2026-03-11
SAVON MAINS À LA LAVANDE,Entretien,2000,TAFTAF,2026-03-11
SAVON MAINS ORANGE-PÊCHE,Entretien,2000,TAFTAF,2026-03-11
SAVON MAINS À L'ALOE VERA,Entretien,2500,TAFTAF,2026-03-11
SAVON MAINS PALMOLIVE,Entretien,2000,TAFTAF,2026-03-11
LINGETTES OPTIQUES,Entretien,2000,TAFTAF,2026-03-11
LAMPE TORCHE PHILIPS,Entretien,8000,TAFTAF,2026-03-11
BOBINE IMPRIMANTE CAISSE,Entretien,1500,TAFTAF,2026-03-11
PILES AAA / LR03 ANSMANN,Entretien,2000,TAFTAF,2026-03-11
PILES AAA / LR03 DURACELL,Entretien,2000,TAFTAF,2026-03-11
PILES AA / LR06 DURACELL X2,Entretien,1500,TAFTAF,2026-03-11
PILES AA / LR06 DURACELL X4,Entretien,2000,TAFTAF,2026-03-11
PILES AA / LR06 PHILIPS,Entretien,2000,TAFTAF,2026-03-11
PILES C / LR14 PHILIPS,Entretien,2000,TAFTAF,2026-03-11
PILES D / LR20 PHILIPS,Entretien,2500,TAFTAF,2026-03-11
PILE 9V PHILIPS,Entretien,2000,TAFTAF,2026-03-11
PILE CR2025 PHILIPS,Entretien,2000,TAFTAF,2026-03-11
PILE LR44 PHILIPS,Entretien,2000,TAFTAF,2026-03-11
BRIQUETS BIC X3,Entretien,1500,TAFTAF,2026-03-11
BIC EZ REACH,Entretien,1000,TAFTAF,2026-03-11
ROUGE À LÈVRES MAYBELLINE BORDEAUX INTENSE,Parfum & Maquillage,2500,TAFTAF,2026-03-11
SHAMPOING CRÈME NUTRITION ULTRA-DOUX,Parfum & Maquillage,3500,TAFTAF,2026-03-11
DÉMÊLANT CRÈME NUTRITION ULTRA-DOUX,Parfum & Maquillage,3500,TAFTAF,2026-03-11
SHAMPOING RECONSTITUANT ULTRA-DOUX,Parfum & Maquillage,3500,TAFTAF,2026-03-11
APRÈS-SHAMPOING RECONSTITUANT ULTRA-DOUX,Parfum & Maquillage,3500,TAFTAF,2026-03-11
MASQUE RECONSTITUANT ULTRA-DOUX,Parfum & Maquillage,6500,TAFTAF,2026-03-11
ELIXIR RECONSTITUANT ULTRA-DOUX,Parfum & Maquillage,7000,TAFTAF,2026-03-11
RITUEL RECONSTITUANT ULTRA-DOUX,Parfum & Maquillage,19000,TAFTAF,2026-03-11
SHAMPOING ÉQUILIBRANT ULTRA-DOUX,Parfum & Maquillage,3500,TAFTAF,2026-03-11
APRÈS-SHAMPOING ÉQUILIBRANT ULTRA-DOUX,Parfum & Maquillage,3500,TAFTAF,2026-03-11
MASQUE ÉQUILIBRANT ULTRA-DOUX,Parfum & Maquillage,6500,TAFTAF,2026-03-11
TRIO SOINS ÉQUILIBRANTS ULTRA-DOUX,Parfum & Maquillage,12000,TAFTAF,2026-03-11
SHAMPOING MERVEILLEUX ULTRA-DOUX,Parfum & Maquillage,3500,TAFTAF,2026-03-11
BAUME MERVEILLEUX ULTRA-DOUX,Parfum & Maquillage,3500,TAFTAF,2026-03-11
MASQUE MERVEILLEUX ULTRA-DOUX,Parfum & Maquillage,6500,TAFTAF,2026-03-11
TRIO SOINS MERVEILLEUX ULTRA-DOUX,Parfum & Maquillage,12500,TAFTAF,2026-03-11
APRÈS-SHAMPOING NOURRISSANT ULTRA-DOUX,Parfum & Maquillage,3500,TAFTAF,2026-03-11
MASQUE NOURRISSANT ULTRA-DOUX,Parfum & Maquillage,6500,TAFTAF,2026-03-11
ELIXIR NOURRISSANT ULTRA-DOUX,Parfum & Maquillage,7000,TAFTAF,2026-03-11
CRÈME DE SOIN NOURRISSANTE GARNIER,Parfum & Maquillage,3500,TAFTAF,2026-03-11
RITUEL POUR CHEVEUX BOUCLÉS ET CRÉPUS,Parfum & Maquillage,19000,TAFTAF,2026-03-11
SHAMPOING ENFANTS 2-EN-1 ULTRA-DOUX,Parfum & Maquillage,3500,TAFTAF,2026-03-11
SHAMPOING PURIFIANT ELSÈVE,Parfum & Maquillage,4500,TAFTAF,2026-03-11
DÉMÊLANT HYDRA-FIXANT ELSÈVE,Parfum & Maquillage,4500,TAFTAF,2026-03-11
MASQUE HYDRA-RÉGÉNÉRANT ELSÈVE,Parfum & Maquillage,5500,TAFTAF,2026-03-11
SERUM HYDRA-REPULPANT ELSÈVE,Parfum & Maquillage,5000,TAFTAF,2026-03-11
PRÉ-SHAMPOING RÉPARATEUR ELSÈVE,Parfum & Maquillage,6000,TAFTAF,2026-03-11
SHAMPOING RÉPARATEUR SANS SULFATES ELSÈVE,Parfum & Maquillage,6000,TAFTAF,2026-03-11
DÉMÊLANT RÉPARATEUR ELSÈVE,Parfum & Maquillage,6000,TAFTAF,2026-03-11
PROTOCOLE RÉPARATEUR ELSÈVE,Parfum & Maquillage,16500,TAFTAF,2026-03-11
DUO RÉPARATEUR ELSÈVE,Parfum & Maquillage,11000,TAFTAF,2026-03-11
SHAMPOING PERFECT MATCH,Parfum & Maquillage,9000,TAFTAF,2026-03-11
APRÈS-SHAMPOING CREAM CONDITIONER,Parfum & Maquillage,9000,TAFTAF,2026-03-11
GELÉE CAPILLAIRE BOOST CURL,Parfum & Maquillage,11000,TAFTAF,2026-03-11
SHAMPOING DOP 2-EN-1 AU KARITÉ,Parfum & Maquillage,3500,TAFTAF,2026-03-11
SAVON DOVE,Parfum & Maquillage,1000,TAFTAF,2026-03-11
SAVON ANTIBACTÉRIEN DETTOL,Parfum & Maquillage,1000,TAFTAF,2026-03-11
MONSAVON AU LAIT,Parfum & Maquillage,1500,TAFTAF,2026-03-11
CRÈME LAVANTE MAINS DOVE,Parfum & Maquillage,2500,TAFTAF,2026-03-11
GEL DOUCHE VERVEINE & CITRON BIO,Parfum & Maquillage,2500,TAFTAF,2026-03-11
GEL DOUCHE BIO LE PETIT MARSEILLAIS,Parfum & Maquillage,2500,TAFTAF,2026-03-11
GEL DOUCHE MANDARINE ET CITRON BIO,Parfum & Maquillage,2500,TAFTAF,2026-03-11
GEL DOUCHE AXE DARK TEMPTATION,Parfum & Maquillage,2500,TAFTAF,2026-03-11
GEL DOUCHE MONSAVON FLEUR DE PATCHOULI,Parfum & Maquillage,2500,TAFTAF,2026-03-11
GEL DOUCHE MONSAVON À L'AMANDE DOUCE,Parfum & Maquillage,2500,TAFTAF,2026-03-11
GEL DOUCHE USHUAÏA GRENADE DU MAROC,Parfum & Maquillage,3000,TAFTAF,2026-03-11
CRÈME DOUCHE AU LAIT D'AMANDE,Parfum & Maquillage,4500,TAFTAF,2026-03-11
GEL LAVANT INTIMA,Parfum & Maquillage,3500,TAFTAF,2026-03-11
GEL DOUCHE FAMILIAL 0%,Parfum & Maquillage,5000,TAFTAF,2026-03-11
VARENS SWEET GRENADE PASSION,Parfum & Maquillage,3500,TAFTAF,2026-03-11
EAU DE COLOGNE LAVANDE DE PROVENCE,Parfum & Maquillage,5500,TAFTAF,2026-03-11
EAU DE TOILETTE AXE DARK TEMPTATION,Parfum & Maquillage,4500,TAFTAF,2026-03-11
ROUGE À LÈVRES MAYBELLINE ROSE NATUREL,Parfum & Maquillage,7000,TAFTAF,2026-03-11
GLOSS REPULPANT MAYBELLINE,Parfum & Maquillage,6500,TAFTAF,2026-03-11
MASCARA MAYBELLINE FIREWORK,Parfum & Maquillage,8000,TAFTAF,2026-03-11
TATTOO LINER MAYBELLINE,Parfum & Maquillage,6500,TAFTAF,2026-03-11
BASE DE TEINT BABY SKIN,Parfum & Maquillage,7000,TAFTAF,2026-03-11
CRÈME ANTI-TÂCHES MIXA NIACINAMIDE,Parfum & Maquillage,7500,TAFTAF,2026-03-11
LAIT DE CORPS DOVE ESSENTIAL CARE,Parfum & Maquillage,2500,TAFTAF,2026-03-11
LAIT DE CORPS RAFFERMISSANT NIVEA,Parfum & Maquillage,3000,TAFTAF,2026-03-11
LAIT DE CORPS ALOE VERA & THÉ VERT,Parfum & Maquillage,3000,TAFTAF,2026-03-11
MASQUE MATIFIANT GARNIER SKINACTIVE,Parfum & Maquillage,2000,TAFTAF,2026-03-11
MASQUE BOOSTER D'ÉCLAT GARNIER,Parfum & Maquillage,2500,TAFTAF,2026-03-11
DUO MASQUES GARNIER SKINACTIVE,Parfum & Maquillage,4000,TAFTAF,2026-03-11
SERUM ANTI-TÂCHES GARNIER,Parfum & Maquillage,8500,TAFTAF,2026-03-11
SÉRUM BOOSTER D'ÉCLAT GARNIER,Parfum & Maquillage,8500,TAFTAF,2026-03-11
FLUIDE SOLAIRE AVÈNE,Parfum & Maquillage,12000,TAFTAF,2026-03-11
MASQUE ANTI-POINTS NOIRS GARNIER,Parfum & Maquillage,5500,TAFTAF,2026-03-11
PATCH ANTI-BOUTONS GARNIER,Parfum & Maquillage,7000,TAFTAF,2026-03-11
SERVIETTES MAXI NORMAL NANA,Parfum & Maquillage,1500,TAFTAF,2026-03-11
SERVIETTES MAXI SUPER NANA,Parfum & Maquillage,1500,TAFTAF,2026-03-11
SERVIETTES MAXI EXTRA NUIT NANA,Parfum & Maquillage,1500,TAFTAF,2026-03-11
PROTÈGE-SLIPS NANA,Parfum & Maquillage,2000,TAFTAF,2026-03-11
BROSSE À DENTS COLGATE,Parfum & Maquillage,1000,TAFTAF,2026-03-11
BROSSE À DENTS COLGATE MAX FRESH,Parfum & Maquillage,1500,TAFTAF,2026-03-11
SENSODYNE SOIN & PRÉCISION SOUPLE,Parfum & Maquillage,2500,TAFTAF,2026-03-11
SENSODYNE SOIN & PRÉCISION MEDIUM,Parfum & Maquillage,2500,TAFTAF,2026-03-11
DENTIFRICE COLGATE MAXFRESH,Parfum & Maquillage,1500,TAFTAF,2026-03-11
DENTIFRICE COLGATE CHARCOAL,Parfum & Maquillage,1500,TAFTAF,2026-03-11
DENTIFRICE SENSODYNE SOIN COMPLET,Parfum & Maquillage,2500,TAFTAF,2026-03-11
DENTIFRICE SIGNAL WHITE NOW,Parfum & Maquillage,2500,TAFTAF,2026-03-11
DENTIFRICE SIGNAL TRIPLE PROTECTION,Parfum & Maquillage,1500,TAFTAF,2026-03-11
TUBE DOSEUR SIGNAL,Parfum & Maquillage,2500,TAFTAF,2026-03-11
KIT BROSSAGE COLGATE,Parfum & Maquillage,2000,TAFTAF,2026-03-11
KIT COLGATE CHARCOAL,Parfum & Maquillage,2000,TAFTAF,2026-03-11
FIL DENTAIRE SENSODYNE,Parfum & Maquillage,2500,TAFTAF,2026-03-11
BAIN DE BOUCHE SENSODYNE,Parfum & Maquillage,3500,TAFTAF,2026-03-11
BAIN DE BOUCHE COLGATE PLAX,Parfum & Maquillage,500,TAFTAF,2026-03-11
DÉO-BILLE NIVEA FRESH ENERGY,Parfum & Maquillage,1500,TAFTAF,2026-03-11
DÉO-BILLE NIVEA PEARL & BEAUTY,Parfum & Maquillage,1500,TAFTAF,2026-03-11
DÉO-BILLE DOVE ADVANCED CARE,Parfum & Maquillage,2000,TAFTAF,2026-03-11
DÉODORANT DOVE,Parfum & Maquillage,3000,TAFTAF,2026-03-11
DÉODORANT NIVEA FRESH NATURAL,Parfum & Maquillage,3000,TAFTAF,2026-03-11
DÉODORANT REXONA STRESS PROTECT,Parfum & Maquillage,3000,TAFTAF,2026-03-11
DÉO-BILLE NIVEA MEN BLACK & WHITE,Parfum & Maquillage,1500,TAFTAF,2026-03-11
DÉO-BILLE NIVEA MEN COOL KICK,Parfum & Maquillage,2000,TAFTAF,2026-03-11
DÉODORANT NIVEA COOL KICK,Parfum & Maquillage,2500,TAFTAF,2026-03-11
DÉODORANT WILLIAMS OCEAN,Parfum & Maquillage,2000,TAFTAF,2026-03-11
DÉODORANT NIVEA MEN FRESH ACTIVE,Parfum & Maquillage,3000,TAFTAF,2026-03-11
SPRAY SOLAIRE PROTECTION 50,Parfum & Maquillage,8000,TAFTAF,2026-03-11
COTONS-TIGES LOTUS,Parfum & Maquillage,1000,TAFTAF,2026-03-11
BÂTONNETS 100% COTON,Parfum & Maquillage,1500,TAFTAF,2026-03-11
STICK LÈVRES NIVEA,Parfum & Maquillage,2000,TAFTAF,2026-03-11
SOLUTION MICELLAIRE FORMAT VOYAGE,Parfum & Maquillage,1500,TAFTAF,2026-03-11
SOLUTION MICELLAIRE GARNIER,Parfum & Maquillage,5000,TAFTAF,2026-03-11
DÉMAQUILLANT POUR LES YEUX MAYBELLINE,Parfum & Maquillage,4500,TAFTAF,2026-03-11
SOLUTION MICELLAIRE À LA VITAMINE C,Parfum & Maquillage,4500,TAFTAF,2026-03-11
CRÈME DÉPILATOIRE VEET,Parfum & Maquillage,4000,TAFTAF,2026-03-11
BANDES DE CIRE POUR LE VISAGE,Parfum & Maquillage,4000,TAFTAF,2026-03-11
CRÈME DÉPILATOIRE VEET MEN,Parfum & Maquillage,4500,TAFTAF,2026-03-11
DISSOLVANT PARFUMÉ,Parfum & Maquillage,1500,TAFTAF,2026-03-11
SOIN LAVANT DOUX SAFORELLE,Parfum & Maquillage,2000,TAFTAF,2026-03-11
RASOIRS BIC SOLEIL SCENT,Parfum & Maquillage,3500,TAFTAF,2026-03-11
EPONGE DE BAIN,Parfum & Maquillage,1000,TAFTAF,2026-03-11
GEL FIXATION EXTRA-FORTE,Parfum & Maquillage,3500,TAFTAF,2026-03-11
BROSSE À CHEVEUX,Parfum & Maquillage,3000,TAFTAF,2026-03-11
ELASTIQUES POUR CHEVEUX,Parfum & Maquillage,1500,TAFTAF,2026-03-11
BARRETTES POUR CHEVEUX,Parfum & Maquillage,1500,TAFTAF,2026-03-11
LIME À ONGLES PROFESSIONNELLE,Parfum & Maquillage,1500,TAFTAF,2026-03-11
PINCE À ÉPILER,Parfum & Maquillage,1500,TAFTAF,2026-03-11
COUPE-ONGLES MAINS & PIEDS,Parfum & Maquillage,2500,TAFTAF,2026-03-11
COUCHES TIMA 4-9KG,Santé & Pharmacie,1500,TAFTAF,2026-03-11
COUCHES TIMA 11-25KG,Santé & Pharmacie,1500,TAFTAF,2026-03-11
COUCHES PEAUDOUCE 5-10KG,Santé & Pharmacie,5500,TAFTAF,2026-03-11
COUCHES PEAUDOUCE 9-18KG,Santé & Pharmacie,5500,TAFTAF,2026-03-11
COUCHES PEAUDOUCE 15-25KG,Santé & Pharmacie,5500,TAFTAF,2026-03-11
LINGETTES BÉBÉ CORINE DE FARME,Santé & Pharmacie,3000,TAFTAF,2026-03-11
LINGETTES BABY À L'ALOE VERA,Santé & Pharmacie,2000,TAFTAF,2026-03-11
LOTION BABYDOVE,Santé & Pharmacie,2000,TAFTAF,2026-03-11
SÉRUM PHYSIOLOGIQUE BABYSOIN,Santé & Pharmacie,2500,TAFTAF,2026-03-11
LAIT DE CROISSANCE NIDO,Santé & Pharmacie,3000,TAFTAF,2026-03-11
LAIT INFANTILE NAN OPTIPRO 3,Santé & Pharmacie,4000,TAFTAF,2026-03-11
TEST DE GROSSESSE ELLE TEST,Santé & Pharmacie,2500,TAFTAF,2026-03-11
COUPE MENSTRUELLE TAILLE S,Santé & Pharmacie,5000,TAFTAF,2026-03-11
COUPE MENSTRUELLE TAILLE L,Santé & Pharmacie,5000,TAFTAF,2026-03-11
ARTEMISIA EN GÉLULES,Santé & Pharmacie,3000,TAFTAF,2026-03-11
THERMOMÈTRE ÉLECTRONIQUE,Santé & Pharmacie,2000,TAFTAF,2026-03-11
GEL HYDROALCOOLIQUE 50ML,Santé & Pharmacie,1000,TAFTAF,2026-03-11
GEL HYDROALCOOLIQUE 500ML,Santé & Pharmacie,2500,TAFTAF,2026-03-11
BAUME MENTHOLÉ SUPER PUISSANT,Santé & Pharmacie,1000,TAFTAF,2026-03-11
PANSEMENTS URGO,Santé & Pharmacie,2000,TAFTAF,2026-03-11
EAU OXYGÉNÉE,Santé & Pharmacie,2000,TAFTAF,2026-03-11
SPRAY DÉSINFECTANT SEPTIMYL,Santé & Pharmacie,3500,TAFTAF,2026-03-11
TRAITEMENT ANTI-POUX POUXIT XF,Santé & Pharmacie,8000,TAFTAF,2026-03-11
SPRAY ANTI-MOUSTIQUES,Santé & Pharmacie,1000,TAFTAF,2026-03-11
SPRAY ANTI-MOUSTIQUES ENFANTS,Santé & Pharmacie,1500,TAFTAF,2026-03-11
BONNET DE BAIN,Santé & Pharmacie,3000,TAFTAF,2026-03-11
LUNETTES DE NATATION,Santé & Pharmacie,6000,TAFTAF,2026-03-11
BALLON DE BASKET,Santé & Pharmacie,7000,TAFTAF,2026-03-11
BALLON DE FOOT,Santé & Pharmacie,10000,TAFTAF,2026-03-11
CORDE À SAUTER,Santé & Pharmacie,3000,TAFTAF,2026-03-11
